key,name,fdc_id,data_type,nutrient,local_value,usda_value,unit,delta_pct,flags
"jowar-flour","Jowar Flour (Sorghum Flour)","","","calories","329","","","","missing_usda"
"jowar-flour","Jowar Flour (Sorghum Flour)","","","saturatedFat","0.9","","","","missing_usda"
"jowar-flour","Jowar Flour (Sorghum Flour)","","","transFat","0","","","","missing_usda"
"jowar-flour","Jowar Flour (Sorghum Flour)","","","cholesterol","0","","","","missing_usda"
"jowar-flour","Jowar Flour (Sorghum Flour)","","","sodium","6","0","mg","-100","large_delta"
"jowar-flour","Jowar Flour (Sorghum Flour)","","","sugars","2.5","","","","missing_usda"
"jowar-flour","Jowar Flour (Sorghum Flour)","","","addedSugars","0","","","","missing_usda"
"jowar-flour","Jowar Flour (Sorghum Flour)","","","vitaminD","0","","","","missing_usda"
"amaranth-grain","Amaranth Grain","","","calories","371","102","kcal","-72.50673854447439","large_delta"
"amaranth-grain","Amaranth Grain","","","totalFat","7","1.58","g","-77.42857142857143","large_delta"
"amaranth-grain","Amaranth Grain","","","saturatedFat","1.5","","","","missing_usda"
"amaranth-grain","Amaranth Grain","","","transFat","0","","","","missing_usda"
"amaranth-grain","Amaranth Grain","","","cholesterol","0","","","","missing_usda"
"amaranth-grain","Amaranth Grain","","","totalCarbs","65","18.69","g","-71.24615384615385","large_delta"
"amaranth-grain","Amaranth Grain","","","sugars","1.7","","","","missing_usda"
"amaranth-grain","Amaranth Grain","","","addedSugars","0","","","","missing_usda"
"amaranth-grain","Amaranth Grain","","","protein","13.6","3.8","g","-72.05882352941177","large_delta"
"amaranth-grain","Amaranth Grain","","","vitaminD","0","","","","missing_usda"
"amaranth-grain","Amaranth Grain","","","calcium","159","47","mg","-70.44025157232704","large_delta"
"amaranth-grain","Amaranth Grain","","","iron","7.6","2.1","mg","-72.36842105263158","large_delta"
"amaranth-grain","Amaranth Grain","","","potassium","508","135","mg","-73.4251968503937","large_delta"
"quinoa","Quinoa","","","calories","368","","","","missing_usda"
"quinoa","Quinoa","","","saturatedFat","0.7","","","","missing_usda"
"quinoa","Quinoa","","","transFat","0","","","","missing_usda"
"quinoa","Quinoa","","","cholesterol","0","","","","missing_usda"
"quinoa","Quinoa","","","sugars","4.6","","","","missing_usda"
"quinoa","Quinoa","","","addedSugars","0","","","","missing_usda"
"quinoa","Quinoa","","","vitaminD","0","","","","missing_usda"
"buckwheat-flour","Buckwheat Flour","","","calories","335","","","","missing_usda"
"buckwheat-flour","Buckwheat Flour","","","saturatedFat","0.7","","","","missing_usda"
"buckwheat-flour","Buckwheat Flour","","","transFat","0","","","","missing_usda"
"buckwheat-flour","Buckwheat Flour","","","cholesterol","0","","","","missing_usda"
"buckwheat-flour","Buckwheat Flour","","","sodium","11","0","mg","-100","large_delta"
"buckwheat-flour","Buckwheat Flour","","","sugars","2.6","","","","missing_usda"
"buckwheat-flour","Buckwheat Flour","","","addedSugars","0","","","","missing_usda"
"buckwheat-flour","Buckwheat Flour","","","vitaminD","0","","","","missing_usda"
"oats-rolled","Rolled Oats","","","calories","389","","","","missing_usda"
"oats-rolled","Rolled Oats","","","saturatedFat","1.2","","","","missing_usda"
"oats-rolled","Rolled Oats","","","transFat","0","","","","missing_usda"
"oats-rolled","Rolled Oats","","","cholesterol","0","","","","missing_usda"
"oats-rolled","Rolled Oats","","","fiber","10.6","","","","missing_usda"
"oats-rolled","Rolled Oats","","","sugars","1","","","","missing_usda"
"oats-rolled","Rolled Oats","","","addedSugars","0","","","","missing_usda"
"oats-rolled","Rolled Oats","","","vitaminD","0","","","","missing_usda"
"chia-seeds","Chia Seeds","","","calories","486","","","","missing_usda"
"chia-seeds","Chia Seeds","","","saturatedFat","3.3","","","","missing_usda"
"chia-seeds","Chia Seeds","","","transFat","0","","","","missing_usda"
"chia-seeds","Chia Seeds","","","cholesterol","0","","","","missing_usda"
"chia-seeds","Chia Seeds","","","sodium","16","0","mg","-100","large_delta"
"chia-seeds","Chia Seeds","","","fiber","34","","","","missing_usda"
"chia-seeds","Chia Seeds","","","sugars","0","","","","missing_usda"
"chia-seeds","Chia Seeds","","","addedSugars","0","","","","missing_usda"
"chia-seeds","Chia Seeds","","","vitaminD","0","","","","missing_usda"
"flax-seeds","Flax Seeds (Linseed)","","","calories","534","","","","missing_usda"
"flax-seeds","Flax Seeds (Linseed)","","","saturatedFat","3.7","","","","missing_usda"
"flax-seeds","Flax Seeds (Linseed)","","","transFat","0","","","","missing_usda"
"flax-seeds","Flax Seeds (Linseed)","","","cholesterol","0","","","","missing_usda"
"flax-seeds","Flax Seeds (Linseed)","","","sodium","30","0","mg","-100","large_delta"
"flax-seeds","Flax Seeds (Linseed)","","","fiber","27","5.079","g","-81.18888888888888","large_delta"
"flax-seeds","Flax Seeds (Linseed)","","","sugars","1.6","","","","missing_usda"
"flax-seeds","Flax Seeds (Linseed)","","","addedSugars","0","","","","missing_usda"
"flax-seeds","Flax Seeds (Linseed)","","","vitaminD","0","","","","missing_usda"
"flax-seeds","Flax Seeds (Linseed)","","","calcium","255","37.38","mg","-85.34117647058824","large_delta"
"hemp-seeds","Hemp Seeds (Hemp Hearts)","","","totalCarbs","4.7","8.67","g","84.46808510638297","large_delta"
"hemp-seeds","Hemp Seeds (Hemp Hearts)","","","sugars","1.5","","","","missing_usda"
"hemp-seeds","Hemp Seeds (Hemp Hearts)","","","addedSugars","0","","","","missing_usda"
"hemp-seeds","Hemp Seeds (Hemp Hearts)","","","vitaminD","0","","","","missing_usda"
"pumpkin-seeds","Pumpkin Seeds (Pepitas)","","","calories","559","","","","missing_usda"
"pumpkin-seeds","Pumpkin Seeds (Pepitas)","","","saturatedFat","8.5","","","","missing_usda"
"pumpkin-seeds","Pumpkin Seeds (Pepitas)","","","transFat","0","","","","missing_usda"
"pumpkin-seeds","Pumpkin Seeds (Pepitas)","","","cholesterol","0","","","","missing_usda"
"pumpkin-seeds","Pumpkin Seeds (Pepitas)","","","sodium","7","0","mg","-100","large_delta"
"pumpkin-seeds","Pumpkin Seeds (Pepitas)","","","sugars","1.4","","","","missing_usda"
"pumpkin-seeds","Pumpkin Seeds (Pepitas)","","","addedSugars","0","","","","missing_usda"
"pumpkin-seeds","Pumpkin Seeds (Pepitas)","","","vitaminD","0","","","","missing_usda"
"sunflower-seeds","Sunflower Seeds","","","calories","584","","","","missing_usda"
"sunflower-seeds","Sunflower Seeds","","","saturatedFat","4.5","","","","missing_usda"
"sunflower-seeds","Sunflower Seeds","","","transFat","0","","","","missing_usda"
"sunflower-seeds","Sunflower Seeds","","","cholesterol","0","","","","missing_usda"
"sunflower-seeds","Sunflower Seeds","","","sodium","9","0","mg","-100","large_delta"
"sunflower-seeds","Sunflower Seeds","","","sugars","2.6","","","","missing_usda"
"sunflower-seeds","Sunflower Seeds","","","addedSugars","0","","","","missing_usda"
"sunflower-seeds","Sunflower Seeds","","","vitaminD","0","","","","missing_usda"
"sesame-seeds","Sesame Seeds","","","transFat","0","","","","missing_usda"
"sesame-seeds","Sesame Seeds","","","sugars","0.3","","","","missing_usda"
"sesame-seeds","Sesame Seeds","","","addedSugars","0","","","","missing_usda"
"watermelon-seeds","Watermelon Seeds","","","transFat","0","","","","missing_usda"
"watermelon-seeds","Watermelon Seeds","","","fiber","4","","","","missing_usda"
"watermelon-seeds","Watermelon Seeds","","","sugars","2","","","","missing_usda"
"watermelon-seeds","Watermelon Seeds","","","addedSugars","0","","","","missing_usda"
"poppy-seeds","Poppy Seeds","","","sugars","2.9","","","","missing_usda"
"poppy-seeds","Poppy Seeds","","","addedSugars","0","","","","missing_usda"
"nigella-seeds","Nigella Seeds (Black Cumin)","","","calories","345","","","","missing_usda"
"nigella-seeds","Nigella Seeds (Black Cumin)","","","totalFat","22","40.03","g","81.95454545454545","large_delta"
"nigella-seeds","Nigella Seeds (Black Cumin)","","","saturatedFat","1.5","","","","missing_usda"
"nigella-seeds","Nigella Seeds (Black Cumin)","","","transFat","0","","","","missing_usda"
"nigella-seeds","Nigella Seeds (Black Cumin)","","","cholesterol","0","","","","missing_usda"
"nigella-seeds","Nigella Seeds (Black Cumin)","","","sodium","88","0","mg","-100","large_delta"
"nigella-seeds","Nigella Seeds (Black Cumin)","","","fiber","40","5.079","g","-87.3025","large_delta"
"nigella-seeds","Nigella Seeds (Black Cumin)","","","sugars","2","","","","missing_usda"
"nigella-seeds","Nigella Seeds (Black Cumin)","","","addedSugars","0","","","","missing_usda"
"nigella-seeds","Nigella Seeds (Black Cumin)","","","protein","16","29.9079","g","86.92437500000001","large_delta"
"nigella-seeds","Nigella Seeds (Black Cumin)","","","vitaminD","0","","","","missing_usda"
"nigella-seeds","Nigella Seeds (Black Cumin)","","","calcium","1859","37.38","mg","-97.98924152770306","large_delta"
"nigella-seeds","Nigella Seeds (Black Cumin)","","","iron","105","8.363","mg","-92.03523809523809","large_delta"
"lotus-seeds","Lotus Seeds","","","transFat","0","","","","missing_usda"
"lotus-seeds","Lotus Seeds","","","sodium","1","5","mg","400","large_delta"
"lotus-seeds","Lotus Seeds","","","fiber","5","","","","missing_usda"
"lotus-seeds","Lotus Seeds","","","sugars","0","","","","missing_usda"
"lotus-seeds","Lotus Seeds","","","addedSugars","0","","","","missing_usda"
"lotus-seeds","Lotus Seeds","","","calcium","44","163","mg","270.45454545454544","large_delta"
"lotus-seeds","Lotus Seeds","","","iron","1.6","3.53","mg","120.62499999999999","large_delta"
"lotus-seeds","Lotus Seeds","","","potassium","367","1368","mg","272.75204359673023","large_delta"
"perilla-seeds","Perilla Seeds","","","calories","537","","","","missing_usda"
"perilla-seeds","Perilla Seeds","","","saturatedFat","6.2","","","","missing_usda"
"perilla-seeds","Perilla Seeds","","","transFat","0","","","","missing_usda"
"perilla-seeds","Perilla Seeds","","","cholesterol","0","","","","missing_usda"
"perilla-seeds","Perilla Seeds","","","sodium","1","0","mg","-100","large_delta"
"perilla-seeds","Perilla Seeds","","","sugars","1.2","","","","missing_usda"
"perilla-seeds","Perilla Seeds","","","addedSugars","0","","","","missing_usda"
"perilla-seeds","Perilla Seeds","","","vitaminD","0","","","","missing_usda"
"perilla-seeds","Perilla Seeds","","","calcium","230","37.38","mg","-83.74782608695652","large_delta"
"basil-seeds","Basil Seeds (Sabja)","","","calories","442","23","kcal","-94.79638009049773","large_delta|calorie_drop"
"basil-seeds","Basil Seeds (Sabja)","","","totalFat","25","0.64","g","-97.44","large_delta"
"basil-seeds","Basil Seeds (Sabja)","","","saturatedFat","7","0.041","g","-99.41428571428571","large_delta"
"basil-seeds","Basil Seeds (Sabja)","","","sodium","30","4","mg","-86.66666666666667","large_delta"
"basil-seeds","Basil Seeds (Sabja)","","","totalCarbs","42","2.65","g","-93.69047619047619","large_delta"
"basil-seeds","Basil Seeds (Sabja)","","","fiber","22","1.6","g","-92.72727272727272","large_delta"
"basil-seeds","Basil Seeds (Sabja)","","","sugars","1.8","","","","missing_usda"
"basil-seeds","Basil Seeds (Sabja)","","","addedSugars","0","","","","missing_usda"
"basil-seeds","Basil Seeds (Sabja)","","","protein","14","3.15","g","-77.5","large_delta"
"basil-seeds","Basil Seeds (Sabja)","","","calcium","2113","177","mg","-91.62328442972077","large_delta"
"basil-seeds","Basil Seeds (Sabja)","","","iron","15.8","3.17","mg","-79.9367088607595","large_delta"
"quinoa-seeds","Quinoa Seeds","","","calories","368","","","","missing_usda"
"quinoa-seeds","Quinoa Seeds","","","saturatedFat","0.7","","","","missing_usda"
"quinoa-seeds","Quinoa Seeds","","","transFat","0","","","","missing_usda"
"quinoa-seeds","Quinoa Seeds","","","cholesterol","0","","","","missing_usda"
"quinoa-seeds","Quinoa Seeds","","","sugars","4.6","","","","missing_usda"
"quinoa-seeds","Quinoa Seeds","","","addedSugars","0","","","","missing_usda"
"quinoa-seeds","Quinoa Seeds","","","vitaminD","0","","","","missing_usda"
"caraway-seeds","Caraway Seeds","","","transFat","0","","","","missing_usda"
"caraway-seeds","Caraway Seeds","","","sugars","0.6","","","","missing_usda"
"caraway-seeds","Caraway Seeds","","","addedSugars","0","","","","missing_usda"
"fennel-seeds","Fennel Seeds","","","calories","345","","","","missing_usda"
"fennel-seeds","Fennel Seeds","","","totalFat","15","0.14","g","-99.06666666666666","large_delta"
"fennel-seeds","Fennel Seeds","","","saturatedFat","0.5","","","","missing_usda"
"fennel-seeds","Fennel Seeds","","","transFat","0","","","","missing_usda"
"fennel-seeds","Fennel Seeds","","","cholesterol","0","","","","missing_usda"
"fennel-seeds","Fennel Seeds","","","totalCarbs","52","5.486225","g","-89.44956730769232","large_delta"
"fennel-seeds","Fennel Seeds","","","fiber","40","2.046","g","-94.88499999999999","large_delta"
"fennel-seeds","Fennel Seeds","","","addedSugars","0","","","","missing_usda"
"fennel-seeds","Fennel Seeds","","","protein","16","0.921875","g","-94.23828125","large_delta"
"fennel-seeds","Fennel Seeds","","","vitaminD","0","","","","missing_usda"
"fennel-seeds","Fennel Seeds","","","calcium","1196","41.3","mg","-96.54682274247493","large_delta"
"fennel-seeds","Fennel Seeds","","","iron","18.5","0","mg","-100","large_delta"
"fennel-seeds","Fennel Seeds","","","potassium","1694","332.4","mg","-80.37780401416764","large_delta"
"anise-seeds","Anise Seeds","","","transFat","0","","","","missing_usda"
"anise-seeds","Anise Seeds","","","sugars","3","","","","missing_usda"
"anise-seeds","Anise Seeds","","","addedSugars","0","","","","missing_usda"
"amaranth-seeds","Amaranth Seeds","","","calories","371","","","","missing_usda"
"amaranth-seeds","Amaranth Seeds","","","saturatedFat","1.5","","","","missing_usda"
"amaranth-seeds","Amaranth Seeds","","","transFat","0","","","","missing_usda"
"amaranth-seeds","Amaranth Seeds","","","cholesterol","0","","","","missing_usda"
"amaranth-seeds","Amaranth Seeds","","","sodium","4","0","mg","-100","large_delta"
"amaranth-seeds","Amaranth Seeds","","","sugars","1.7","","","","missing_usda"
"amaranth-seeds","Amaranth Seeds","","","addedSugars","0","","","","missing_usda"
"amaranth-seeds","Amaranth Seeds","","","vitaminD","0","","","","missing_usda"
"sacha-inchi-seeds","Sacha Inchi Seeds","","","calories","553","","","","missing_usda"
"sacha-inchi-seeds","Sacha Inchi Seeds","","","saturatedFat","7.7","","","","missing_usda"
"sacha-inchi-seeds","Sacha Inchi Seeds","","","transFat","0","","","","missing_usda"
"sacha-inchi-seeds","Sacha Inchi Seeds","","","cholesterol","0","","","","missing_usda"
"sacha-inchi-seeds","Sacha Inchi Seeds","","","sodium","5","0","mg","-100","large_delta"
"sacha-inchi-seeds","Sacha Inchi Seeds","","","totalCarbs","5","18.6751","g","273.502","large_delta"
"sacha-inchi-seeds","Sacha Inchi Seeds","","","sugars","1.3","","","","missing_usda"
"sacha-inchi-seeds","Sacha Inchi Seeds","","","addedSugars","0","","","","missing_usda"
"sacha-inchi-seeds","Sacha Inchi Seeds","","","vitaminD","0","","","","missing_usda"
"pomegranate-seeds","Pomegranate Seeds (Arils)","","","totalFat","1.2","0.29","g","-75.83333333333333","large_delta"
"pomegranate-seeds","Pomegranate Seeds (Arils)","","","sodium","3","9","mg","200","large_delta"
"pomegranate-seeds","Pomegranate Seeds (Arils)","","","fiber","4","0.1","g","-97.5","large_delta"
"pomegranate-seeds","Pomegranate Seeds (Arils)","","","sugars","14","","","","missing_usda"
"pomegranate-seeds","Pomegranate Seeds (Arils)","","","addedSugars","0","","","","missing_usda"
"pomegranate-seeds","Pomegranate Seeds (Arils)","","","protein","1.7","0.15","g","-91.1764705882353","large_delta"
"grape-seeds","Grape Seeds","","","calories","395","","","","missing_usda"
"grape-seeds","Grape Seeds","","","totalFat","20","40.03","g","100.15","large_delta"
"grape-seeds","Grape Seeds","","","saturatedFat","8.1","","","","missing_usda"
"grape-seeds","Grape Seeds","","","transFat","0","","","","missing_usda"
"grape-seeds","Grape Seeds","","","cholesterol","0","","","","missing_usda"
"grape-seeds","Grape Seeds","","","sodium","2","0","mg","-100","large_delta"
"grape-seeds","Grape Seeds","","","sugars","2","","","","missing_usda"
"grape-seeds","Grape Seeds","","","addedSugars","0","","","","missing_usda"
"grape-seeds","Grape Seeds","","","protein","11","29.9079","g","171.89000000000001","large_delta"
"grape-seeds","Grape Seeds","","","vitaminD","0","","","","missing_usda"
"grape-seeds","Grape Seeds","","","potassium","170","691.2","mg","306.5882352941177","large_delta"
"baobab-seeds","Baobab Seeds","","","totalFat","35","0.47","g","-98.65714285714287","large_delta"
"baobab-seeds","Baobab Seeds","","","saturatedFat","10","0.244","g","-97.56","large_delta"
"baobab-seeds","Baobab Seeds","","","cholesterol","0","","","","missing_usda"
"baobab-seeds","Baobab Seeds","","","totalCarbs","23","79.65","g","246.304347826087","large_delta"
"baobab-seeds","Baobab Seeds","","","sugars","2.8","","","","missing_usda"
"baobab-seeds","Baobab Seeds","","","addedSugars","0","","","","missing_usda"
"baobab-seeds","Baobab Seeds","","","protein","15","3.69","g","-75.4","large_delta"
"baobab-seeds","Baobab Seeds","","","vitaminD","0","","","","missing_usda"
"baobab-seeds","Baobab Seeds","","","potassium","1240","2189","mg","76.53225806451613","large_delta"
"moringa-seeds","Moringa Seeds","","","calories","456","","","","missing_usda"
"moringa-seeds","Moringa Seeds","","","saturatedFat","8.5","","","","missing_usda"
"moringa-seeds","Moringa Seeds","","","transFat","0","","","","missing_usda"
"moringa-seeds","Moringa Seeds","","","cholesterol","0","","","","missing_usda"
"moringa-seeds","Moringa Seeds","","","sodium","9","0","mg","-100","large_delta"
"moringa-seeds","Moringa Seeds","","","totalCarbs","8.5","18.6751","g","119.70705882352941","large_delta"
"moringa-seeds","Moringa Seeds","","","sugars","1.2","","","","missing_usda"
"moringa-seeds","Moringa Seeds","","","addedSugars","0","","","","missing_usda"
"moringa-seeds","Moringa Seeds","","","vitaminD","0","","","","missing_usda"
"moringa-seeds","Moringa Seeds","","","iron","4","8.363","mg","109.07499999999999","large_delta"
"papaya-seeds","Papaya Seeds","","","calories","558","57","kcal","-89.78494623655914","large_delta"
"papaya-seeds","Papaya Seeds","","","totalFat","54","0.15","g","-99.72222222222223","large_delta"
"papaya-seeds","Papaya Seeds","","","saturatedFat","18","0.047","g","-99.7388888888889","large_delta"
"papaya-seeds","Papaya Seeds","","","totalCarbs","6","14.51","g","141.83333333333331","large_delta"
"papaya-seeds","Papaya Seeds","","","fiber","2","0.6","g","-70","large_delta"
"papaya-seeds","Papaya Seeds","","","sugars","3.2","","","","missing_usda"
"papaya-seeds","Papaya Seeds","","","addedSugars","0","","","","missing_usda"
"papaya-seeds","Papaya Seeds","","","protein","25","0.17","g","-99.32","large_delta"
"papaya-seeds","Papaya Seeds","","","calcium","90","10","mg","-88.88888888888889","large_delta"
"papaya-seeds","Papaya Seeds","","","iron","1.5","0.34","mg","-77.33333333333333","large_delta"
"papaya-seeds","Papaya Seeds","","","potassium","1030","31","mg","-96.99029126213591","large_delta"
"honeydew-seeds","Honeydew Melon Seeds","","","calories","602","","","","missing_usda"
"honeydew-seeds","Honeydew Melon Seeds","","","totalFat","55","0.2163","g","-99.60672727272728","large_delta"
"honeydew-seeds","Honeydew Melon Seeds","","","saturatedFat","11","","","","missing_usda"
"honeydew-seeds","Honeydew Melon Seeds","","","transFat","0","","","","missing_usda"
"honeydew-seeds","Honeydew Melon Seeds","","","cholesterol","0","","","","missing_usda"
"honeydew-seeds","Honeydew Melon Seeds","","","sodium","374","21.15","mg","-94.34491978609626","large_delta"
"honeydew-seeds","Honeydew Melon Seeds","","","fiber","5.1","","","","missing_usda"
"honeydew-seeds","Honeydew Melon Seeds","","","sugars","2","7.029","g","251.45","large_delta"
"honeydew-seeds","Honeydew Melon Seeds","","","addedSugars","0","","","","missing_usda"
"honeydew-seeds","Honeydew Melon Seeds","","","protein","21","0.53125","g","-97.47023809523809","large_delta"
"honeydew-seeds","Honeydew Melon Seeds","","","vitaminD","0","","","","missing_usda"
"honeydew-seeds","Honeydew Melon Seeds","","","calcium","65","6.579","mg","-89.87846153846154","large_delta"
"honeydew-seeds","Honeydew Melon Seeds","","","iron","8","0","mg","-100","large_delta"
"honeydew-seeds","Honeydew Melon Seeds","","","potassium","820","208.9","mg","-74.52439024390245","large_delta"
"teff-seeds","Teff Seeds","","","calories","367","101","kcal","-72.47956403269755","large_delta"
"teff-seeds","Teff Seeds","","","totalFat","2.4","0.65","g","-72.91666666666667","large_delta"
"teff-seeds","Teff Seeds","","","saturatedFat","0.4","","","","missing_usda"
"teff-seeds","Teff Seeds","","","transFat","0","","","","missing_usda"
"teff-seeds","Teff Seeds","","","totalCarbs","73","19.86","g","-72.79452054794521","large_delta"
"teff-seeds","Teff Seeds","","","sugars","1.8","","","","missing_usda"
"teff-seeds","Teff Seeds","","","addedSugars","0","","","","missing_usda"
"teff-seeds","Teff Seeds","","","protein","13","3.87","g","-70.23076923076921","large_delta"
"teff-seeds","Teff Seeds","","","vitaminD","0","","","","missing_usda"
"teff-seeds","Teff Seeds","","","calcium","180","49","mg","-72.77777777777777","large_delta"
"teff-seeds","Teff Seeds","","","iron","7.6","2.05","mg","-73.02631578947368","large_delta"
"teff-seeds","Teff Seeds","","","potassium","427","107","mg","-74.94145199063233","large_delta"
"milk-thistle-seeds","Milk Thistle Seeds","","","calories","534","","","","missing_usda"
"milk-thistle-seeds","Milk Thistle Seeds","","","saturatedFat","5.4","","","","missing_usda"
"milk-thistle-seeds","Milk Thistle Seeds","","","transFat","0","","","","missing_usda"
"milk-thistle-seeds","Milk Thistle Seeds","","","cholesterol","0","","","","missing_usda"
"milk-thistle-seeds","Milk Thistle Seeds","","","sodium","9","0","mg","-100","large_delta"
"milk-thistle-seeds","Milk Thistle Seeds","","","sugars","1.6","","","","missing_usda"
"milk-thistle-seeds","Milk Thistle Seeds","","","addedSugars","0","","","","missing_usda"
"milk-thistle-seeds","Milk Thistle Seeds","","","vitaminD","0","","","","missing_usda"
"milk-thistle-seeds","Milk Thistle Seeds","","","calcium","395","37.38","mg","-90.53670886075949","large_delta"
"evening-primrose-seeds","Evening Primrose Seeds","","","calories","443","","","","missing_usda"
"evening-primrose-seeds","Evening Primrose Seeds","","","saturatedFat","2.8","","","","missing_usda"
"evening-primrose-seeds","Evening Primrose Seeds","","","transFat","0","","","","missing_usda"
"evening-primrose-seeds","Evening Primrose Seeds","","","cholesterol","0","","","","missing_usda"
"evening-primrose-seeds","Evening Primrose Seeds","","","sodium","4","0","mg","-100","large_delta"
"evening-primrose-seeds","Evening Primrose Seeds","","","fiber","29","5.079","g","-82.48620689655172","large_delta"
"evening-primrose-seeds","Evening Primrose Seeds","","","sugars","1.5","","","","missing_usda"
"evening-primrose-seeds","Evening Primrose Seeds","","","addedSugars","0","","","","missing_usda"
"evening-primrose-seeds","Evening Primrose Seeds","","","protein","16","29.9079","g","86.92437500000001","large_delta"
"evening-primrose-seeds","Evening Primrose Seeds","","","vitaminD","0","","","","missing_usda"
"evening-primrose-seeds","Evening Primrose Seeds","","","calcium","442","37.38","mg","-91.54298642533936","large_delta"
"evening-primrose-seeds","Evening Primrose Seeds","","","potassium","370","691.2","mg","86.81081081081082","large_delta"
"almonds","Almonds","","","calories","579","","","","missing_usda"
"almonds","Almonds","","","transFat","0","","","","missing_usda"
"almonds","Almonds","","","cholesterol","0","","","","missing_usda"
"almonds","Almonds","","","sodium","1","0","mg","-100","large_delta"
"almonds","Almonds","","","sugars","4.4","","","","missing_usda"
"almonds","Almonds","","","addedSugars","0","","","","missing_usda"
"almonds","Almonds","","","vitaminD","0","","","","missing_usda"
"walnuts-english","English Walnuts","","","calories","654","","","","missing_usda"
"walnuts-english","English Walnuts","","","transFat","0","","","","missing_usda"
"walnuts-english","English Walnuts","","","cholesterol","0","","","","missing_usda"
"walnuts-english","English Walnuts","","","sodium","2","0","mg","-100","large_delta"
"walnuts-english","English Walnuts","","","sugars","2.6","","","","missing_usda"
"walnuts-english","English Walnuts","","","addedSugars","0","","","","missing_usda"
"walnuts-english","English Walnuts","","","vitaminD","0","","","","missing_usda"
"walnuts-black","Black Walnuts","","","transFat","0","","","","missing_usda"
"walnuts-black","Black Walnuts","","","sugars","1.1","","","","missing_usda"
"walnuts-black","Black Walnuts","","","addedSugars","0","","","","missing_usda"
"cashews","Cashews","","","calories","553","","","","missing_usda"
"cashews","Cashews","","","saturatedFat","7.8","","","","missing_usda"
"cashews","Cashews","","","transFat","0","","","","missing_usda"
"cashews","Cashews","","","cholesterol","0","","","","missing_usda"
"cashews","Cashews","","","sugars","5.9","","","","missing_usda"
"cashews","Cashews","","","addedSugars","0","","","","missing_usda"
"cashews","Cashews","","","vitaminD","0","","","","missing_usda"
"pistachios","Pistachios","","","calories","560","","","","missing_usda"
"pistachios","Pistachios","","","saturatedFat","5.6","","","","missing_usda"
"pistachios","Pistachios","","","transFat","0","","","","missing_usda"
"pistachios","Pistachios","","","cholesterol","0","","","","missing_usda"
"pistachios","Pistachios","","","sodium","1","0","mg","-100","large_delta"
"pistachios","Pistachios","","","sugars","7.7","","","","missing_usda"
"pistachios","Pistachios","","","addedSugars","0","","","","missing_usda"
"pistachios","Pistachios","","","vitaminD","0","","","","missing_usda"
"hazelnuts","Hazelnuts (Filberts)","","","calories","628","","","","missing_usda"
"hazelnuts","Hazelnuts (Filberts)","","","saturatedFat","4.5","","","","missing_usda"
"hazelnuts","Hazelnuts (Filberts)","","","transFat","0","","","","missing_usda"
"hazelnuts","Hazelnuts (Filberts)","","","cholesterol","0","","","","missing_usda"
"hazelnuts","Hazelnuts (Filberts)","","","sugars","4.3","","","","missing_usda"
"hazelnuts","Hazelnuts (Filberts)","","","addedSugars","0","","","","missing_usda"
"hazelnuts","Hazelnuts (Filberts)","","","vitaminD","0","","","","missing_usda"
"hazelnuts-raw","Hazelnuts (Raw)","","","calories","628","","","","missing_usda"
"hazelnuts-raw","Hazelnuts (Raw)","","","saturatedFat","4.5","","","","missing_usda"
"hazelnuts-raw","Hazelnuts (Raw)","","","transFat","0","","","","missing_usda"
"hazelnuts-raw","Hazelnuts (Raw)","","","cholesterol","0","","","","missing_usda"
"hazelnuts-raw","Hazelnuts (Raw)","","","sugars","4.3","","","","missing_usda"
"hazelnuts-raw","Hazelnuts (Raw)","","","addedSugars","0","","","","missing_usda"
"hazelnuts-raw","Hazelnuts (Raw)","","","vitaminD","0","","","","missing_usda"
"hazelnuts-roasted","Hazelnuts (Roasted)","","","calories","628","","","","missing_usda"
"hazelnuts-roasted","Hazelnuts (Roasted)","","","saturatedFat","4.5","","","","missing_usda"
"hazelnuts-roasted","Hazelnuts (Roasted)","","","transFat","0","","","","missing_usda"
"hazelnuts-roasted","Hazelnuts (Roasted)","","","cholesterol","0","","","","missing_usda"
"hazelnuts-roasted","Hazelnuts (Roasted)","","","sugars","4.3","","","","missing_usda"
"hazelnuts-roasted","Hazelnuts (Roasted)","","","addedSugars","0","","","","missing_usda"
"hazelnuts-roasted","Hazelnuts (Roasted)","","","vitaminD","0","","","","missing_usda"
"hazelnuts-blanched","Hazelnuts (Blanched)","","","transFat","0","","","","missing_usda"
"hazelnuts-blanched","Hazelnuts (Blanched)","","","sugars","4.3","","","","missing_usda"
"hazelnuts-blanched","Hazelnuts (Blanched)","","","addedSugars","0","","","","missing_usda"
"hazelnuts-chopped","Hazelnuts (Chopped)","","","calories","628","","","","missing_usda"
"hazelnuts-chopped","Hazelnuts (Chopped)","","","saturatedFat","4.5","","","","missing_usda"
"hazelnuts-chopped","Hazelnuts (Chopped)","","","transFat","0","","","","missing_usda"
"hazelnuts-chopped","Hazelnuts (Chopped)","","","cholesterol","0","","","","missing_usda"
"hazelnuts-chopped","Hazelnuts (Chopped)","","","sugars","4.3","","","","missing_usda"
"hazelnuts-chopped","Hazelnuts (Chopped)","","","addedSugars","0","","","","missing_usda"
"hazelnuts-chopped","Hazelnuts (Chopped)","","","vitaminD","0","","","","missing_usda"
"hazelnut-flour","Hazelnut Flour (Meal)","","","transFat","0","","","","missing_usda"
"hazelnut-flour","Hazelnut Flour (Meal)","","","totalCarbs","17","0","g","-100","large_delta|zero_carbs"
"hazelnut-flour","Hazelnut Flour (Meal)","","","fiber","9.7","0","g","-100","large_delta"
"hazelnut-flour","Hazelnut Flour (Meal)","","","sugars","4.3","","","","missing_usda"
"hazelnut-flour","Hazelnut Flour (Meal)","","","addedSugars","0","","","","missing_usda"
"hazelnut-flour","Hazelnut Flour (Meal)","","","protein","15","0","g","-100","large_delta"
"hazelnut-flour","Hazelnut Flour (Meal)","","","vitaminD","0","","","","missing_usda"
"hazelnut-flour","Hazelnut Flour (Meal)","","","calcium","114","0","mg","-100","large_delta"
"hazelnut-flour","Hazelnut Flour (Meal)","","","iron","4.7","0","mg","-100","large_delta"
"hazelnut-flour","Hazelnut Flour (Meal)","","","potassium","680","0","mg","-100","large_delta"
"hazelnut-butter","Hazelnut Butter (Pure)","","","calories","628","","","","missing_usda"
"hazelnut-butter","Hazelnut Butter (Pure)","","","transFat","0","","","","missing_usda"
"hazelnut-butter","Hazelnut Butter (Pure)","","","cholesterol","0","","","","missing_usda"
"hazelnut-butter","Hazelnut Butter (Pure)","","","sugars","4.3","","","","missing_usda"
"hazelnut-butter","Hazelnut Butter (Pure)","","","addedSugars","0","","","","missing_usda"
"hazelnut-butter","Hazelnut Butter (Pure)","","","vitaminD","0","","","","missing_usda"
"hazelnut-butter","Hazelnut Butter (Pure)","","","calcium","114","263.8","mg","131.40350877192984","large_delta"
"pecans","Pecans","","","calories","691","","","","missing_usda"
"pecans","Pecans","","","transFat","0","","","","missing_usda"
"pecans","Pecans","","","cholesterol","0","","","","missing_usda"
"pecans","Pecans","","","sugars","4","","","","missing_usda"
"pecans","Pecans","","","addedSugars","0","","","","missing_usda"
"pecans","Pecans","","","vitaminD","0","","","","missing_usda"
"brazil-nuts","Brazil Nuts","","","calories","659","","","","missing_usda"
"brazil-nuts","Brazil Nuts","","","saturatedFat","16","","","","missing_usda"
"brazil-nuts","Brazil Nuts","","","transFat","0","","","","missing_usda"
"brazil-nuts","Brazil Nuts","","","cholesterol","0","","","","missing_usda"
"brazil-nuts","Brazil Nuts","","","totalCarbs","12","36.2887","g","202.4058333333333","large_delta"
"brazil-nuts","Brazil Nuts","","","sugars","2.3","","","","missing_usda"
"brazil-nuts","Brazil Nuts","","","addedSugars","0","","","","missing_usda"
"brazil-nuts","Brazil Nuts","","","vitaminD","0","","","","missing_usda"
"brazil-nuts","Brazil Nuts","","","calcium","160","41.95","mg","-73.78125","large_delta"
"brazil-nuts","Brazil Nuts","","","iron","2.4","5.988","mg","149.50000000000003","large_delta"
"macadamia-nuts","Macadamia Nuts","","","calories","718","","","","missing_usda"
"macadamia-nuts","Macadamia Nuts","","","saturatedFat","12","","","","missing_usda"
"macadamia-nuts","Macadamia Nuts","","","transFat","0","","","","missing_usda"
"macadamia-nuts","Macadamia Nuts","","","cholesterol","0","","","","missing_usda"
"macadamia-nuts","Macadamia Nuts","","","sodium","5","0","mg","-100","large_delta"
"macadamia-nuts","Macadamia Nuts","","","totalCarbs","14","24.0943","g","72.10214285714287","large_delta"
"macadamia-nuts","Macadamia Nuts","","","sugars","4.6","","","","missing_usda"
"macadamia-nuts","Macadamia Nuts","","","addedSugars","0","","","","missing_usda"
"macadamia-nuts","Macadamia Nuts","","","vitaminD","0","","","","missing_usda"
"pine-nuts","Pine Nuts (Pignoli)","","","calories","673","","","","missing_usda"
"pine-nuts","Pine Nuts (Pignoli)","","","saturatedFat","4.9","","","","missing_usda"
"pine-nuts","Pine Nuts (Pignoli)","","","transFat","0","","","","missing_usda"
"pine-nuts","Pine Nuts (Pignoli)","","","cholesterol","0","","","","missing_usda"
"pine-nuts","Pine Nuts (Pignoli)","","","sodium","2","0","mg","-100","large_delta"
"pine-nuts","Pine Nuts (Pignoli)","","","sugars","3.6","","","","missing_usda"
"pine-nuts","Pine Nuts (Pignoli)","","","addedSugars","0","","","","missing_usda"
"pine-nuts","Pine Nuts (Pignoli)","","","vitaminD","0","","","","missing_usda"
"chestnuts","Chestnuts","","","calories","213","363","kcal","70.4225352112676","large_delta"
"chestnuts","Chestnuts","","","transFat","0","","","","missing_usda"
"chestnuts","Chestnuts","","","sodium","27","5","mg","-81.48148148148148","large_delta"
"chestnuts","Chestnuts","","","totalCarbs","46","79.76","g","73.39130434782611","large_delta"
"chestnuts","Chestnuts","","","fiber","5.1","","","","missing_usda"
"chestnuts","Chestnuts","","","sugars","11","","","","missing_usda"
"chestnuts","Chestnuts","","","addedSugars","0","","","","missing_usda"
"chestnuts","Chestnuts","","","protein","2.4","6.82","g","184.16666666666669","large_delta"
"chestnuts","Chestnuts","","","iron","1","2.29","mg","129","large_delta"
"beechnuts","Beechnuts","","","transFat","0","","","","missing_usda"
"beechnuts","Beechnuts","","","sodium","11","38","mg","245.45454545454547","large_delta"
"beechnuts","Beechnuts","","","fiber","14","","","","missing_usda"
"beechnuts","Beechnuts","","","sugars","10","","","","missing_usda"
"beechnuts","Beechnuts","","","addedSugars","0","","","","missing_usda"
"beechnuts","Beechnuts","","","vitaminD","0","","","","missing_usda"
"hickory-nuts","Hickory Nuts","","","calories","657","","","","missing_usda"
"hickory-nuts","Hickory Nuts","","","saturatedFat","7","","","","missing_usda"
"hickory-nuts","Hickory Nuts","","","transFat","0","","","","missing_usda"
"hickory-nuts","Hickory Nuts","","","cholesterol","0","","","","missing_usda"
"hickory-nuts","Hickory Nuts","","","sodium","1","4.759","mg","375.90000000000003","large_delta"
"hickory-nuts","Hickory Nuts","","","totalCarbs","18","36.2887","g","101.60388888888887","large_delta"
"hickory-nuts","Hickory Nuts","","","sugars","3.6","","","","missing_usda"
"hickory-nuts","Hickory Nuts","","","addedSugars","0","","","","missing_usda"
"hickory-nuts","Hickory Nuts","","","vitaminD","0","","","","missing_usda"
"hickory-nuts","Hickory Nuts","","","iron","2.1","5.988","mg","185.14285714285714","large_delta"
"butternuts","Butternuts (White Walnuts)","","","transFat","0","","","","missing_usda"
"butternuts","Butternuts (White Walnuts)","","","sugars","1.2","","","","missing_usda"
"butternuts","Butternuts (White Walnuts)","","","addedSugars","0","","","","missing_usda"
"coconut-meat","Coconut Meat (fresh)","","","transFat","0","","","","missing_usda"
"coconut-meat","Coconut Meat (fresh)","","","sugars","6.2","","","","missing_usda"
"coconut-meat","Coconut Meat (fresh)","","","addedSugars","0","","","","missing_usda"
"kola-nuts","Kola Nuts","","","calories","380","","","","missing_usda"
"kola-nuts","Kola Nuts","","","totalFat","1.8","38.86","g","2058.8888888888887","large_delta"
"kola-nuts","Kola Nuts","","","saturatedFat","0.4","","","","missing_usda"
"kola-nuts","Kola Nuts","","","transFat","0","","","","missing_usda"
"kola-nuts","Kola Nuts","","","cholesterol","0","","","","missing_usda"
"kola-nuts","Kola Nuts","","","sodium","25","4.759","mg","-80.964","large_delta"
"kola-nuts","Kola Nuts","","","sugars","3.5","","","","missing_usda"
"kola-nuts","Kola Nuts","","","addedSugars","0","","","","missing_usda"
"kola-nuts","Kola Nuts","","","protein","7.9","17.4423","g","120.7886075949367","large_delta"
"kola-nuts","Kola Nuts","","","vitaminD","0","","","","missing_usda"
"kola-nuts","Kola Nuts","","","iron","1.5","5.988","mg","299.20000000000005","large_delta"
"peanuts","Peanuts (Groundnuts)","","","calories","567","","","","missing_usda"
"peanuts","Peanuts (Groundnuts)","","","saturatedFat","6.8","","","","missing_usda"
"peanuts","Peanuts (Groundnuts)","","","transFat","0","","","","missing_usda"
"peanuts","Peanuts (Groundnuts)","","","cholesterol","0","","","","missing_usda"
"peanuts","Peanuts (Groundnuts)","","","sodium","18","1.493","mg","-91.70555555555556","large_delta"
"peanuts","Peanuts (Groundnuts)","","","sugars","4.7","","","","missing_usda"
"peanuts","Peanuts (Groundnuts)","","","addedSugars","0","","","","missing_usda"
"peanuts","Peanuts (Groundnuts)","","","vitaminD","0","","","","missing_usda"
"tiger-nuts","Tiger Nuts (Chufa)","","","calories","386","","","","missing_usda"
"tiger-nuts","Tiger Nuts (Chufa)","","","saturatedFat","5.5","","","","missing_usda"
"tiger-nuts","Tiger Nuts (Chufa)","","","transFat","0","","","","missing_usda"
"tiger-nuts","Tiger Nuts (Chufa)","","","cholesterol","0","","","","missing_usda"
"tiger-nuts","Tiger Nuts (Chufa)","","","fiber","33","4.104","g","-87.56363636363636","large_delta"
"tiger-nuts","Tiger Nuts (Chufa)","","","sugars","17","","","","missing_usda"
"tiger-nuts","Tiger Nuts (Chufa)","","","addedSugars","0","","","","missing_usda"
"tiger-nuts","Tiger Nuts (Chufa)","","","protein","4.9","17.4423","g","255.96530612244894","large_delta"
"tiger-nuts","Tiger Nuts (Chufa)","","","vitaminD","0","","","","missing_usda"
"tiger-nuts","Tiger Nuts (Chufa)","","","iron","2.8","5.988","mg","113.85714285714288","large_delta"
"acorns","Acorns (processed)","","","transFat","0","","","","missing_usda"
"acorns","Acorns (processed)","","","fiber","9.4","","","","missing_usda"
"acorns","Acorns (processed)","","","sugars","0","","","","missing_usda"
"acorns","Acorns (processed)","","","addedSugars","0","","","","missing_usda"
"acorns","Acorns (processed)","","","vitaminD","0","","","","missing_usda"
"ginkgo-nuts","Ginkgo Nuts","","","transFat","0","","","","missing_usda"
"ginkgo-nuts","Ginkgo Nuts","","","fiber","0","","","","missing_usda"
"ginkgo-nuts","Ginkgo Nuts","","","sugars","0","","","","missing_usda"
"ginkgo-nuts","Ginkgo Nuts","","","addedSugars","0","","","","missing_usda"
"dates-medjool","Medjool Dates","","","saturatedFat","0","","","","missing_usda"
"dates-medjool","Medjool Dates","","","cholesterol","0","","","","missing_usda"
"dates-medjool","Medjool Dates","","","sugars","66","","","","missing_usda"
"dates-medjool","Medjool Dates","","","addedSugars","0","","","","missing_usda"
"dates-deglet-noor","Deglet Noor Dates","","","sugars","63","","","","missing_usda"
"dates-deglet-noor","Deglet Noor Dates","","","addedSugars","0","","","","missing_usda"
"dates-mazafati","Mazafati Dates (Iranian Black Dates)","","","saturatedFat","0.1","","","","missing_usda"
"dates-mazafati","Mazafati Dates (Iranian Black Dates)","","","cholesterol","0","","","","missing_usda"
"dates-mazafati","Mazafati Dates (Iranian Black Dates)","","","sugars","70","","","","missing_usda"
"dates-mazafati","Mazafati Dates (Iranian Black Dates)","","","addedSugars","0","","","","missing_usda"
"dates-kimia","Kimia Dates (Iranian Premium)","","","saturatedFat","0","","","","missing_usda"
"dates-kimia","Kimia Dates (Iranian Premium)","","","cholesterol","0","","","","missing_usda"
"dates-kimia","Kimia Dates (Iranian Premium)","","","sugars","68","","","","missing_usda"
"dates-kimia","Kimia Dates (Iranian Premium)","","","addedSugars","0","","","","missing_usda"
"khajoor-paste","Date Paste","","","calories","266","","","","missing_usda"
"khajoor-paste","Date Paste","","","totalFat","0.4","0.7325","g","83.125","large_delta"
"khajoor-paste","Date Paste","","","saturatedFat","0.1","","","","missing_usda"
"khajoor-paste","Date Paste","","","transFat","0","","","","missing_usda"
"khajoor-paste","Date Paste","","","cholesterol","0","","","","missing_usda"
"khajoor-paste","Date Paste","","","sodium","2","61.15","mg","2957.5","large_delta"
"khajoor-paste","Date Paste","","","totalCarbs","71","20.188125","g","-71.56602112676056","large_delta"
"khajoor-paste","Date Paste","","","sugars","64","11.693","g","-81.7296875","large_delta"
"khajoor-paste","Date Paste","","","addedSugars","0","","","","missing_usda"
"khajoor-paste","Date Paste","","","protein","2","4.234375","g","111.71875","large_delta"
"khajoor-paste","Date Paste","","","vitaminD","0","","","","missing_usda"
"khajoor-paste","Date Paste","","","iron","1","3.185","mg","218.5","large_delta"
"raisins","Raisins","","","calories","299","","","","missing_usda"
"raisins","Raisins","","","totalFat","0.5","","","","missing_usda"
"raisins","Raisins","","","saturatedFat","0.1","","","","missing_usda"
"raisins","Raisins","","","transFat","0","","","","missing_usda"
"raisins","Raisins","","","cholesterol","0","","","","missing_usda"
"raisins","Raisins","","","totalCarbs","79","","","","missing_usda"
"raisins","Raisins","","","addedSugars","0","","","","missing_usda"
"raisins","Raisins","","","protein","3.1","","","","missing_usda"
"raisins","Raisins","","","vitaminD","0","","","","missing_usda"
"amul-butter","Amul Butter","","","calories","717","","","","missing_usda"
"amul-butter","Amul Butter","","","saturatedFat","51","4.253","g","-91.66078431372549","large_delta"
"amul-butter","Amul Butter","","","transFat","3.3","","","","missing_usda"
"amul-butter","Amul Butter","","","cholesterol","215","","","","missing_usda"
"amul-butter","Amul Butter","","","sodium","643","0.9963","mg","-99.84505443234836","large_delta|sodium_shift"
"amul-butter","Amul Butter","","","totalCarbs","0.1","21.23666","g","21136.659999999996","large_delta"
"amul-butter","Amul Butter","","","sugars","0.1","","","","missing_usda"
"amul-butter","Amul Butter","","","addedSugars","0","","","","missing_usda"
"amul-butter","Amul Butter","","","protein","0.9","20.78734","g","2209.7044444444446","large_delta"
"amul-butter","Amul Butter","","","vitaminD","60","","","","missing_usda"
"amul-butter","Amul Butter","","","calcium","24","263.8","mg","999.1666666666667","large_delta"
"amul-butter","Amul Butter","","","iron","0.2","4.108","mg","1953.9999999999995","large_delta"
"amul-butter","Amul Butter","","","potassium","24","745.4","mg","3005.8333333333335","large_delta"
"sunflower-oil","Sunflower Refined Oil","","","calories","884","","","","missing_usda"
"sunflower-oil","Sunflower Refined Oil","","","totalFat","100","","","","missing_usda"
"sunflower-oil","Sunflower Refined Oil","","","cholesterol","0","","","","missing_usda"
"sunflower-oil","Sunflower Refined Oil","","","sodium","0","","","","missing_usda"
"sunflower-oil","Sunflower Refined Oil","","","totalCarbs","0","","","","missing_usda"
"sunflower-oil","Sunflower Refined Oil","","","fiber","0","","","","missing_usda"
"sunflower-oil","Sunflower Refined Oil","","","sugars","0","","","","missing_usda"
"sunflower-oil","Sunflower Refined Oil","","","addedSugars","0","","","","missing_usda"
"sunflower-oil","Sunflower Refined Oil","","","protein","0","","","","missing_usda"
"sunflower-oil","Sunflower Refined Oil","","","vitaminD","0","","","","missing_usda"
"sunflower-oil","Sunflower Refined Oil","","","calcium","0","","","","missing_usda"
"sunflower-oil","Sunflower Refined Oil","","","iron","0","","","","missing_usda"
"sunflower-oil","Sunflower Refined Oil","","","potassium","0","","","","missing_usda"
"curd-yogurt","Curd (Plain Yogurt)","","","calories","63","","","","missing_usda"
"curd-yogurt","Curd (Plain Yogurt)","","","transFat","0.1","","","","missing_usda"
"curd-yogurt","Curd (Plain Yogurt)","","","sodium","46","349.8","mg","660.4347826086956","large_delta"
"curd-yogurt","Curd (Plain Yogurt)","","","fiber","0","","","","missing_usda"
"curd-yogurt","Curd (Plain Yogurt)","","","sugars","4.7","","","","missing_usda"
"curd-yogurt","Curd (Plain Yogurt)","","","addedSugars","0","","","","missing_usda"
"curd-yogurt","Curd (Plain Yogurt)","","","protein","3.5","11.62436","g","232.1245714285714","large_delta"
"curd-yogurt","Curd (Plain Yogurt)","","","vitaminD","2","","","","missing_usda"
"curd-yogurt","Curd (Plain Yogurt)","","","iron","0.1","0","mg","-100","large_delta"
"amul-curd","Amul Curd (Commercial)","","","calories","63","","","","missing_usda"
"amul-curd","Amul Curd (Commercial)","","","transFat","0.1","","","","missing_usda"
"amul-curd","Amul Curd (Commercial)","","","sodium","46","349.8","mg","660.4347826086956","large_delta"
"amul-curd","Amul Curd (Commercial)","","","fiber","0","","","","missing_usda"
"amul-curd","Amul Curd (Commercial)","","","sugars","4.7","","","","missing_usda"
"amul-curd","Amul Curd (Commercial)","","","addedSugars","0","","","","missing_usda"
"amul-curd","Amul Curd (Commercial)","","","protein","3.5","11.62436","g","232.1245714285714","large_delta"
"amul-curd","Amul Curd (Commercial)","","","vitaminD","2","","","","missing_usda"
"amul-curd","Amul Curd (Commercial)","","","iron","0.1","0","mg","-100","large_delta"
"milky-mist-curd","Milky Mist Curd (Commercial)","","","calories","63","","","","missing_usda"
"milky-mist-curd","Milky Mist Curd (Commercial)","","","transFat","0.1","","","","missing_usda"
"milky-mist-curd","Milky Mist Curd (Commercial)","","","sodium","46","349.8","mg","660.4347826086956","large_delta"
"milky-mist-curd","Milky Mist Curd (Commercial)","","","fiber","0","","","","missing_usda"
"milky-mist-curd","Milky Mist Curd (Commercial)","","","sugars","4.7","","","","missing_usda"
"milky-mist-curd","Milky Mist Curd (Commercial)","","","addedSugars","0","","","","missing_usda"
"milky-mist-curd","Milky Mist Curd (Commercial)","","","protein","3.5","11.62436","g","232.1245714285714","large_delta"
"milky-mist-curd","Milky Mist Curd (Commercial)","","","vitaminD","2","","","","missing_usda"
"milky-mist-curd","Milky Mist Curd (Commercial)","","","iron","0.1","0","mg","-100","large_delta"
"lemon-water","Lemon Water (Fresh)","","","calories","7","35","kcal","400","large_delta"
"lemon-water","Lemon Water (Fresh)","","","sodium","1","2","mg","100","large_delta"
"lemon-water","Lemon Water (Fresh)","","","totalCarbs","2.5","8.61","g","244.4","large_delta"
"lemon-water","Lemon Water (Fresh)","","","fiber","0.5","0.1","g","-80","large_delta"
"lemon-water","Lemon Water (Fresh)","","","sugars","1.5","","","","missing_usda"
"lemon-water","Lemon Water (Fresh)","","","addedSugars","0","","","","missing_usda"
"lemon-water","Lemon Water (Fresh)","","","protein","0.1","0.01","g","-90","large_delta"
"lemon-water","Lemon Water (Fresh)","","","vitaminD","0","","","","missing_usda"
"lemon-water","Lemon Water (Fresh)","","","iron","0.1","0.02","mg","-80","large_delta"
"lemon-water","Lemon Water (Fresh)","","","potassium","80","15","mg","-81.25","large_delta"
"white-sugar","White Sugar (Refined)","","","calories","387","","","","missing_usda"
"white-sugar","White Sugar (Refined)","","","totalFat","0","","","","missing_usda"
"white-sugar","White Sugar (Refined)","","","saturatedFat","0","","","","missing_usda"
"white-sugar","White Sugar (Refined)","","","transFat","0","","","","missing_usda"
"white-sugar","White Sugar (Refined)","","","cholesterol","0","","","","missing_usda"
"white-sugar","White Sugar (Refined)","","","totalCarbs","100","","","","missing_usda"
"white-sugar","White Sugar (Refined)","","","fiber","0","","","","missing_usda"
"white-sugar","White Sugar (Refined)","","","sugars","100","","","","missing_usda"
"white-sugar","White Sugar (Refined)","","","addedSugars","100","","","","missing_usda"
"white-sugar","White Sugar (Refined)","","","protein","0","","","","missing_usda"
"white-sugar","White Sugar (Refined)","","","vitaminD","0","","","","missing_usda"
"brown-sugar","Brown Sugar","","","saturatedFat","0","","","","missing_usda"
"brown-sugar","Brown Sugar","","","transFat","0","","","","missing_usda"
"brown-sugar","Brown Sugar","","","cholesterol","0","","","","missing_usda"
"brown-sugar","Brown Sugar","","","sodium","28","572","mg","1942.8571428571427","large_delta|sodium_shift"
"brown-sugar","Brown Sugar","","","sugars","97","","","","missing_usda"
"brown-sugar","Brown Sugar","","","addedSugars","97","","","","missing_usda"
"brown-sugar","Brown Sugar","","","protein","0.1","2.06","g","1959.9999999999998","large_delta"
"brown-sugar","Brown Sugar","","","vitaminD","0","","","","missing_usda"
"brown-sugar","Brown Sugar","","","calcium","85","879","mg","934.1176470588235","large_delta"
"brown-sugar","Brown Sugar","","","iron","1.9","0.16","mg","-91.57894736842105","large_delta"
"brown-sugar","Brown Sugar","","","potassium","346","39","mg","-88.72832369942196","large_delta"
"coconut-sugar","Coconut Sugar","","","sodium","125","319","mg","155.20000000000002","large_delta"
"coconut-sugar","Coconut Sugar","","","sugars","90","","","","missing_usda"
"coconut-sugar","Coconut Sugar","","","addedSugars","0","","","","missing_usda"
"coconut-sugar","Coconut Sugar","","","protein","1","2.02","g","102","large_delta"
"coconut-sugar","Coconut Sugar","","","iron","2.1","0.38","mg","-81.90476190476191","large_delta"
"coconut-sugar","Coconut Sugar","","","potassium","625","99","mg","-84.16","large_delta"
"stevia","Stevia Extract","","","sugars","0","","","","missing_usda"
"stevia","Stevia Extract","","","addedSugars","0","","","","missing_usda"
"maple-syrup","Pure Maple Syrup","","","totalFat","0.1","0","g","-100","large_delta"
"maple-syrup","Pure Maple Syrup","","","saturatedFat","0","","","","missing_usda"
"maple-syrup","Pure Maple Syrup","","","transFat","0","","","","missing_usda"
"maple-syrup","Pure Maple Syrup","","","sugars","60","","","","missing_usda"
"maple-syrup","Pure Maple Syrup","","","addedSugars","0","","","","missing_usda"
"maple-syrup","Pure Maple Syrup","","","vitaminD","0","","","","missing_usda"
"honey","Honey","","","transFat","0","","","","missing_usda"
"honey","Honey","","","sugars","82","","","","missing_usda"
"honey","Honey","","","addedSugars","0","","","","missing_usda"
"coconut-palm-sugar","Coconut Palm Sugar","","","calories","375","884","kcal","135.73333333333332","large_delta"
"coconut-palm-sugar","Coconut Palm Sugar","","","transFat","0","","","","missing_usda"
"coconut-palm-sugar","Coconut Palm Sugar","","","sodium","35","0","mg","-100","large_delta"
"coconut-palm-sugar","Coconut Palm Sugar","","","totalCarbs","96","0","g","-100","large_delta|zero_carbs"
"coconut-palm-sugar","Coconut Palm Sugar","","","sugars","92","","","","missing_usda"
"coconut-palm-sugar","Coconut Palm Sugar","","","addedSugars","0","","","","missing_usda"
"coconut-palm-sugar","Coconut Palm Sugar","","","protein","1.1","0","g","-100","large_delta"
"coconut-palm-sugar","Coconut Palm Sugar","","","calcium","6","0","mg","-100","large_delta"
"coconut-palm-sugar","Coconut Palm Sugar","","","iron","1.8","0","mg","-100","large_delta"
"coconut-palm-sugar","Coconut Palm Sugar","","","potassium","1030","0","mg","-100","large_delta"
"vanhouten-dark-chocolate","Van Houten Dark Chocolate 46.5%","","","saturatedFat","18.5","","","","missing_usda"
"vanhouten-dark-chocolate","Van Houten Dark Chocolate 46.5%","","","transFat","0","","","","missing_usda"
"vanhouten-dark-chocolate","Van Houten Dark Chocolate 46.5%","","","sodium","24","6","mg","-75","large_delta"
"vanhouten-dark-chocolate","Van Houten Dark Chocolate 46.5%","","","sugars","48","","","","missing_usda"
"vanhouten-dark-chocolate","Van Houten Dark Chocolate 46.5%","","","addedSugars","45","","","","missing_usda"
"vanhouten-dark-chocolate","Van Houten Dark Chocolate 46.5%","","","vitaminD","0","","","","missing_usda"
"vanhouten-dark-chocolate","Van Houten Dark Chocolate 46.5%","","","iron","11.9","2.13","mg","-82.10084033613445","large_delta"
"vanhouten-cocoa-powder","Van Houten Cocoa Powder (Unsweetened)","","","calories","228","398","kcal","74.56140350877193","large_delta"
"vanhouten-cocoa-powder","Van Houten Cocoa Powder (Unsweetened)","","","totalFat","14","4","g","-71.42857142857143","large_delta"
"vanhouten-cocoa-powder","Van Houten Cocoa Powder (Unsweetened)","","","saturatedFat","8.1","2.377","g","-70.65432098765432","large_delta"
"vanhouten-cocoa-powder","Van Houten Cocoa Powder (Unsweetened)","","","transFat","0","","","","missing_usda"
"vanhouten-cocoa-powder","Van Houten Cocoa Powder (Unsweetened)","","","sodium","21","504","mg","2300","large_delta"
"vanhouten-cocoa-powder","Van Houten Cocoa Powder (Unsweetened)","","","fiber","37","3.7","g","-89.99999999999999","large_delta"
"vanhouten-cocoa-powder","Van Houten Cocoa Powder (Unsweetened)","","","sugars","1.8","","","","missing_usda"
"vanhouten-cocoa-powder","Van Houten Cocoa Powder (Unsweetened)","","","addedSugars","0","","","","missing_usda"
"vanhouten-cocoa-powder","Van Houten Cocoa Powder (Unsweetened)","","","iron","13.9","1.19","mg","-91.43884892086331","large_delta"
"vanhouten-dutch-cocoa","Van Houten Dutch-Process Cocoa","","","calories","228","431","kcal","89.03508771929825","large_delta"
"vanhouten-dutch-cocoa","Van Houten Dutch-Process Cocoa","","","sodium","21","384","mg","1728.5714285714284","large_delta"
"vanhouten-dutch-cocoa","Van Houten Dutch-Process Cocoa","","","fiber","37","2.6","g","-92.97297297297297","large_delta"
"vanhouten-dutch-cocoa","Van Houten Dutch-Process Cocoa","","","sugars","1.8","","","","missing_usda"
"vanhouten-dutch-cocoa","Van Houten Dutch-Process Cocoa","","","addedSugars","0","","","","missing_usda"
"vanhouten-dutch-cocoa","Van Houten Dutch-Process Cocoa","","","protein","20","4.5","g","-77.5","large_delta"
"vanhouten-dutch-cocoa","Van Houten Dutch-Process Cocoa","","","vitaminD","0","","","","missing_usda"
"vanhouten-dutch-cocoa","Van Houten Dutch-Process Cocoa","","","calcium","128","13","mg","-89.84375","large_delta"
"vanhouten-dutch-cocoa","Van Houten Dutch-Process Cocoa","","","iron","13.9","3.36","mg","-75.8273381294964","large_delta"
"vanhouten-dutch-cocoa","Van Houten Dutch-Process Cocoa","","","potassium","1524","239","mg","-84.31758530183727","large_delta"
"vanhouten-drinking-chocolate","Van Houten Drinking Chocolate (Sweetened)","","","saturatedFat","5","0.48","g","-90.39999999999999","large_delta"
"vanhouten-drinking-chocolate","Van Houten Drinking Chocolate (Sweetened)","","","cholesterol","0","","","","missing_usda"
"vanhouten-drinking-chocolate","Van Houten Drinking Chocolate (Sweetened)","","","sodium","120","331","mg","175.83333333333334","large_delta"
"vanhouten-drinking-chocolate","Van Houten Drinking Chocolate (Sweetened)","","","fiber","8","1.5","g","-81.25","large_delta"
"vanhouten-drinking-chocolate","Van Houten Drinking Chocolate (Sweetened)","","","sugars","55","","","","missing_usda"
"vanhouten-drinking-chocolate","Van Houten Drinking Chocolate (Sweetened)","","","addedSugars","50","","","","missing_usda"
"vanhouten-drinking-chocolate","Van Houten Drinking Chocolate (Sweetened)","","","vitaminD","0","","","","missing_usda"
"vanhouten-drinking-chocolate","Van Houten Drinking Chocolate (Sweetened)","","","iron","7","0.7","mg","-90","large_delta"
"vanhouten-drinking-chocolate","Van Houten Drinking Chocolate (Sweetened)","","","potassium","900","127","mg","-85.88888888888889","large_delta"
"vanhouten-milk-chocolate","Van Houten Milk Chocolate","","","transFat","0","","","","missing_usda"
"vanhouten-milk-chocolate","Van Houten Milk Chocolate","","","fiber","2","3.4","g","70","large_delta"
"vanhouten-milk-chocolate","Van Houten Milk Chocolate","","","sugars","52","","","","missing_usda"
"vanhouten-milk-chocolate","Van Houten Milk Chocolate","","","addedSugars","50","","","","missing_usda"
"vanhouten-milk-chocolate","Van Houten Milk Chocolate","","","iron","1","2.35","mg","135","large_delta"
"amul-dark-chocolate-55","Amul Dark Chocolate 55% (Commercial)","","","saturatedFat","23","","","","missing_usda"
"amul-dark-chocolate-55","Amul Dark Chocolate 55% (Commercial)","","","transFat","0","","","","missing_usda"
"amul-dark-chocolate-55","Amul Dark Chocolate 55% (Commercial)","","","sugars","45","","","","missing_usda"
"amul-dark-chocolate-55","Amul Dark Chocolate 55% (Commercial)","","","addedSugars","40","","","","missing_usda"
"amul-dark-chocolate-55","Amul Dark Chocolate 55% (Commercial)","","","vitaminD","0","","","","missing_usda"
"amul-dark-chocolate-55","Amul Dark Chocolate 55% (Commercial)","","","iron","8","2.13","mg","-73.375","large_delta"
"amul-dark-chocolate-70","Amul Dark Chocolate 70% (Commercial)","","","sodium","6","20","mg","233.33333333333334","large_delta"
"amul-dark-chocolate-70","Amul Dark Chocolate 70% (Commercial)","","","sugars","24","","","","missing_usda"
"amul-dark-chocolate-70","Amul Dark Chocolate 70% (Commercial)","","","addedSugars","20","","","","missing_usda"
"amul-dark-chocolate-70","Amul Dark Chocolate 70% (Commercial)","","","vitaminD","0","","","","missing_usda"
"amul-dark-chocolate-85","Amul Dark Chocolate 85% (Commercial)","","","sodium","6","20","mg","233.33333333333334","large_delta"
"amul-dark-chocolate-85","Amul Dark Chocolate 85% (Commercial)","","","sugars","14","","","","missing_usda"
"amul-dark-chocolate-85","Amul Dark Chocolate 85% (Commercial)","","","addedSugars","10","","","","missing_usda"
"amul-dark-chocolate-85","Amul Dark Chocolate 85% (Commercial)","","","vitaminD","0","","","","missing_usda"
"amul-dark-chocolate-90","Amul Dark Chocolate 90% (Commercial)","","","cholesterol","2","7","mg","250","large_delta"
"amul-dark-chocolate-90","Amul Dark Chocolate 90% (Commercial)","","","sodium","5","23","mg","360","large_delta"
"amul-dark-chocolate-90","Amul Dark Chocolate 90% (Commercial)","","","totalCarbs","23","59.97","g","160.7391304347826","large_delta"
"amul-dark-chocolate-90","Amul Dark Chocolate 90% (Commercial)","","","sugars","7","","","","missing_usda"
"amul-dark-chocolate-90","Amul Dark Chocolate 90% (Commercial)","","","addedSugars","2","","","","missing_usda"
"dark-chocolate-70","Dark Chocolate 70% Cocoa (Pure)","","","sodium","6","20","mg","233.33333333333334","large_delta"
"dark-chocolate-70","Dark Chocolate 70% Cocoa (Pure)","","","sugars","24","","","","missing_usda"
"dark-chocolate-70","Dark Chocolate 70% Cocoa (Pure)","","","addedSugars","0","","","","missing_usda"
"dark-chocolate-70","Dark Chocolate 70% Cocoa (Pure)","","","vitaminD","0","","","","missing_usda"
"dark-chocolate-70-sweetened","Dark Chocolate 70% (Sweetened)","","","sodium","6","20","mg","233.33333333333334","large_delta"
"dark-chocolate-70-sweetened","Dark Chocolate 70% (Sweetened)","","","sugars","24","","","","missing_usda"
"dark-chocolate-70-sweetened","Dark Chocolate 70% (Sweetened)","","","addedSugars","20","","","","missing_usda"
"dark-chocolate-70-sweetened","Dark Chocolate 70% (Sweetened)","","","vitaminD","0","","","","missing_usda"
"white-chocolate","White Chocolate","","","sugars","59","","","","missing_usda"
"white-chocolate","White Chocolate","","","addedSugars","55","","","","missing_usda"
"baking-powder","Baking Powder","","","calories","53","97","kcal","83.01886792452831","large_delta"
"baking-powder","Baking Powder","","","transFat","0","","","","missing_usda"
"baking-powder","Baking Powder","","","sodium","10600","90","mg","-99.15094339622641","large_delta|sodium_shift"
"baking-powder","Baking Powder","","","fiber","0.2","2.2","g","1000","large_delta"
"baking-powder","Baking Powder","","","sugars","0","","","","missing_usda"
"baking-powder","Baking Powder","","","addedSugars","0","","","","missing_usda"
"baking-powder","Baking Powder","","","iron","0.4","8.17","mg","1942.4999999999998","large_delta"
"baking-powder","Baking Powder","","","potassium","170","10100","mg","5841.176470588235","large_delta"
"cream-cheese","Cream Cheese","","","calories","342","","","","missing_usda"
"cream-cheese","Cream Cheese","","","transFat","1","","","","missing_usda"
"cream-cheese","Cream Cheese","","","fiber","0","","","","missing_usda"
"cream-cheese","Cream Cheese","","","sugars","3.2","","","","missing_usda"
"cream-cheese","Cream Cheese","","","addedSugars","0","","","","missing_usda"
"cream-cheese","Cream Cheese","","","vitaminD","62","","","","missing_usda"
"cream-cheese","Cream Cheese","","","iron","0.4","0","mg","-100","large_delta"
"powdered-sugar","Powdered Sugar (Icing Sugar)","","","sugars","97","","","","missing_usda"
"powdered-sugar","Powdered Sugar (Icing Sugar)","","","addedSugars","97","","","","missing_usda"
"powdered-sugar","Powdered Sugar (Icing Sugar)","","","calcium","1","909","mg","90800","large_delta"
"powdered-sugar","Powdered Sugar (Icing Sugar)","","","potassium","2","1705","mg","85150","large_delta"
"coconut-fresh","Fresh Coconut","","","calories","354","","","","missing_usda"
"coconut-fresh","Fresh Coconut","","","transFat","0","","","","missing_usda"
"coconut-fresh","Fresh Coconut","","","cholesterol","0","","","","missing_usda"
"coconut-fresh","Fresh Coconut","","","sodium","20","46.94","mg","134.7","large_delta"
"coconut-fresh","Fresh Coconut","","","totalCarbs","15","58.9025","g","292.68333333333334","large_delta"
"coconut-fresh","Fresh Coconut","","","fiber","9","34.24","g","280.44444444444446","large_delta"
"coconut-fresh","Fresh Coconut","","","sugars","6.2","","","","missing_usda"
"coconut-fresh","Fresh Coconut","","","addedSugars","0","","","","missing_usda"
"coconut-fresh","Fresh Coconut","","","protein","3.3","16.1385","g","389.04545454545456","large_delta"
"coconut-fresh","Fresh Coconut","","","vitaminD","0","","","","missing_usda"
"coconut-fresh","Fresh Coconut","","","calcium","14","35.98","mg","156.99999999999997","large_delta"
"coconut-fresh","Fresh Coconut","","","iron","2.4","8.018","mg","234.08333333333337","large_delta"
"coconut-fresh","Fresh Coconut","","","potassium","356","2088","mg","486.51685393258424","large_delta"
"coconut-desiccated","Desiccated Coconut","","","transFat","0","","","","missing_usda"
"coconut-desiccated","Desiccated Coconut","","","fiber","16.3","","","","missing_usda"
"coconut-desiccated","Desiccated Coconut","","","sugars","7.4","","","","missing_usda"
"coconut-desiccated","Desiccated Coconut","","","addedSugars","0","","","","missing_usda"
"coconut-oil","Coconut Oil","","","cholesterol","0","","","","missing_usda"
"coconut-oil","Coconut Oil","","","fiber","0","","","","missing_usda"
"coconut-oil","Coconut Oil","","","sugars","0","","","","missing_usda"
"coconut-oil","Coconut Oil","","","addedSugars","0","","","","missing_usda"
"coconut-oil","Coconut Oil","","","vitaminD","0","","","","missing_usda"
"almond-milk","Almond Milk (unsweetened)","","","calories","15","","","","missing_usda"
"almond-milk","Almond Milk (unsweetened)","","","saturatedFat","0.1","","","","missing_usda"
"almond-milk","Almond Milk (unsweetened)","","","transFat","0","","","","missing_usda"
"almond-milk","Almond Milk (unsweetened)","","","cholesterol","0","","","","missing_usda"
"almond-milk","Almond Milk (unsweetened)","","","fiber","0.4","0","g","-100","large_delta"
"almond-milk","Almond Milk (unsweetened)","","","sugars","0.2","","","","missing_usda"
"almond-milk","Almond Milk (unsweetened)","","","addedSugars","0","","","","missing_usda"
"coconut-milk","Coconut Milk","","","calories","230","31","kcal","-86.52173913043478","large_delta|calorie_drop"
"coconut-milk","Coconut Milk","","","totalFat","24","2.08","g","-91.33333333333334","large_delta"
"coconut-milk","Coconut Milk","","","saturatedFat","21","2.083","g","-90.08095238095238","large_delta"
"coconut-milk","Coconut Milk","","","sugars","3.3","","","","missing_usda"
"coconut-milk","Coconut Milk","","","addedSugars","0","","","","missing_usda"
"coconut-milk","Coconut Milk","","","protein","2.3","0.21","g","-90.8695652173913","large_delta"
"coconut-milk","Coconut Milk","","","calcium","18","188","mg","944.4444444444445","large_delta"
"coconut-milk","Coconut Milk","","","iron","1.6","0.3","mg","-81.25","large_delta"
"coconut-milk","Coconut Milk","","","potassium","263","19","mg","-92.77566539923954","large_delta"
"ghee","Ghee (Clarified Butter)","","","transFat","4","0","g","-100","large_delta"
"ghee","Ghee (Clarified Butter)","","","sugars","0","","","","missing_usda"
"ghee","Ghee (Clarified Butter)","","","addedSugars","0","","","","missing_usda"
"ghee","Ghee (Clarified Butter)","","","vitaminD","1.5","","","","missing_usda"
"ghee","Ghee (Clarified Butter)","","","calcium","4","0","mg","-100","large_delta"
"ghee","Ghee (Clarified Butter)","","","potassium","5","","","","missing_usda"
"cinnamon","Cinnamon Powder","","","totalFat","1.2","5.29","g","340.8333333333333","large_delta"
"cinnamon","Cinnamon Powder","","","saturatedFat","0.3","0","g","-100","large_delta"
"cinnamon","Cinnamon Powder","","","sodium","10","388","mg","3779.9999999999995","large_delta"
"cinnamon","Cinnamon Powder","","","fiber","53","3.5","g","-93.39622641509435","large_delta"
"cinnamon","Cinnamon Powder","","","sugars","2.2","","","","missing_usda"
"cinnamon","Cinnamon Powder","","","addedSugars","0","","","","missing_usda"
"cinnamon","Cinnamon Powder","","","protein","4","7.05","g","76.25","large_delta"
"cinnamon","Cinnamon Powder","","","calcium","1002","71","mg","-92.91417165668663","large_delta"
"cinnamon","Cinnamon Powder","","","potassium","431","74","mg","-82.830626450116","large_delta"
"cardamom","Cardamom","","","sugars","0","","","","missing_usda"
"cardamom","Cardamom","","","addedSugars","0","","","","missing_usda"
"vanilla-extract","Vanilla Extract","","","sugars","13","","","","missing_usda"
"vanilla-extract","Vanilla Extract","","","addedSugars","0","","","","missing_usda"
"cocoa-powder","Cocoa Powder (unsweetened)","","","calories","228","398","kcal","74.56140350877193","large_delta"
"cocoa-powder","Cocoa Powder (unsweetened)","","","totalFat","14","4","g","-71.42857142857143","large_delta"
"cocoa-powder","Cocoa Powder (unsweetened)","","","saturatedFat","8.1","2.377","g","-70.65432098765432","large_delta"
"cocoa-powder","Cocoa Powder (unsweetened)","","","transFat","0","","","","missing_usda"
"cocoa-powder","Cocoa Powder (unsweetened)","","","sodium","21","504","mg","2300","large_delta"
"cocoa-powder","Cocoa Powder (unsweetened)","","","fiber","37","3.7","g","-89.99999999999999","large_delta"
"cocoa-powder","Cocoa Powder (unsweetened)","","","sugars","1.8","","","","missing_usda"
"cocoa-powder","Cocoa Powder (unsweetened)","","","addedSugars","0","","","","missing_usda"
"cocoa-powder","Cocoa Powder (unsweetened)","","","iron","14","1.19","mg","-91.5","large_delta"
"dark-chocolate","Dark Chocolate (70-85% Pure)","","","sodium","9","20","mg","122.22222222222223","large_delta"
"dark-chocolate","Dark Chocolate (70-85% Pure)","","","sugars","24","","","","missing_usda"
"dark-chocolate","Dark Chocolate (70-85% Pure)","","","addedSugars","0","","","","missing_usda"
"dark-chocolate","Dark Chocolate (70-85% Pure)","","","vitaminD","0","","","","missing_usda"
"red-chili-powder","Red Chili Powder","","","calories","282","40","kcal","-85.81560283687944","large_delta|calorie_drop"
"red-chili-powder","Red Chili Powder","","","totalFat","14","0.44","g","-96.85714285714286","large_delta"
"red-chili-powder","Red Chili Powder","","","saturatedFat","2.5","0.042","g","-98.32000000000001","large_delta"
"red-chili-powder","Red Chili Powder","","","sodium","91","9","mg","-90.10989010989012","large_delta"
"red-chili-powder","Red Chili Powder","","","totalCarbs","50","8.81","g","-82.38","large_delta"
"red-chili-powder","Red Chili Powder","","","fiber","28","1.5","g","-94.64285714285714","large_delta"
"red-chili-powder","Red Chili Powder","","","sugars","8.8","","","","missing_usda"
"red-chili-powder","Red Chili Powder","","","addedSugars","0","","","","missing_usda"
"red-chili-powder","Red Chili Powder","","","protein","12","1.87","g","-84.41666666666666","large_delta"
"red-chili-powder","Red Chili Powder","","","calcium","330","14","mg","-95.75757575757575","large_delta"
"red-chili-powder","Red Chili Powder","","","iron","25","1.03","mg","-95.88","large_delta"
"red-chili-powder","Red Chili Powder","","","potassium","1950","322","mg","-83.48717948717949","large_delta"
"chili-flakes","Chilli Flakes (Crushed Red Pepper)","","","totalFat","14","0.46","g","-96.71428571428571","large_delta"
"chili-flakes","Chilli Flakes (Crushed Red Pepper)","","","saturatedFat","2.5","0.078","g","-96.88000000000001","large_delta"
"chili-flakes","Chilli Flakes (Crushed Red Pepper)","","","sodium","91","21","mg","-76.92307692307693","large_delta"
"chili-flakes","Chilli Flakes (Crushed Red Pepper)","","","sugars","8.8","","","","missing_usda"
"chili-flakes","Chilli Flakes (Crushed Red Pepper)","","","addedSugars","0","","","","missing_usda"
"chili-flakes","Chilli Flakes (Crushed Red Pepper)","","","iron","25","1.55","mg","-93.8","large_delta"
"oregano-dried","Oregano (Dried)","","","sugars","4.1","","","","missing_usda"
"oregano-dried","Oregano (Dried)","","","addedSugars","0","","","","missing_usda"
"coriander-seeds","Coriander Seeds","","","transFat","0","","","","missing_usda"
"coriander-seeds","Coriander Seeds","","","sugars","0","","","","missing_usda"
"coriander-seeds","Coriander Seeds","","","addedSugars","0","","","","missing_usda"
"cumin-seeds","Cumin Seeds","","","transFat","0","","","","missing_usda"
"cumin-seeds","Cumin Seeds","","","sugars","2.2","","","","missing_usda"
"cumin-seeds","Cumin Seeds","","","addedSugars","0","","","","missing_usda"
"turmeric","Turmeric Powder","","","sugars","3.2","","","","missing_usda"
"turmeric","Turmeric Powder","","","addedSugars","0","","","","missing_usda"
"fenugreek-seeds","Fenugreek Seeds","","","sugars","0","","","","missing_usda"
"fenugreek-seeds","Fenugreek Seeds","","","addedSugars","0","","","","missing_usda"
"chickpeas","Chickpeas (cooked)","","","sodium","7","243","mg","3371.4285714285716","large_delta"
"chickpeas","Chickpeas (cooked)","","","sugars","4.8","","","","missing_usda"
"chickpeas","Chickpeas (cooked)","","","addedSugars","0","","","","missing_usda"
"black-gram-urad","Black Gram (Urad Dal)","","","calories","341","","","","missing_usda"
"black-gram-urad","Black Gram (Urad Dal)","","","totalFat","1.6","6.274","g","292.12499999999994","large_delta"
"black-gram-urad","Black Gram (Urad Dal)","","","saturatedFat","0.4","","","","missing_usda"
"black-gram-urad","Black Gram (Urad Dal)","","","transFat","0","","","","missing_usda"
"black-gram-urad","Black Gram (Urad Dal)","","","cholesterol","0","","","","missing_usda"
"black-gram-urad","Black Gram (Urad Dal)","","","sodium","38","8.779","mg","-76.89736842105263","large_delta"
"black-gram-urad","Black Gram (Urad Dal)","","","fiber","18","","","","missing_usda"
"black-gram-urad","Black Gram (Urad Dal)","","","sugars","2","","","","missing_usda"
"black-gram-urad","Black Gram (Urad Dal)","","","addedSugars","0","","","","missing_usda"
"black-gram-urad","Black Gram (Urad Dal)","","","vitaminD","0","","","","missing_usda"
"black-gram-urad","Black Gram (Urad Dal)","","","potassium","","1074","mg","","missing_local"
"green-gram-moong","Green Gram (Moong Dal)","","","calories","347","","","","missing_usda"
"green-gram-moong","Green Gram (Moong Dal)","","","totalFat","1.2","6.274","g","422.83333333333337","large_delta"
"green-gram-moong","Green Gram (Moong Dal)","","","saturatedFat","0.3","","","","missing_usda"
"green-gram-moong","Green Gram (Moong Dal)","","","transFat","0","","","","missing_usda"
"green-gram-moong","Green Gram (Moong Dal)","","","cholesterol","0","","","","missing_usda"
"green-gram-moong","Green Gram (Moong Dal)","","","fiber","16","","","","missing_usda"
"green-gram-moong","Green Gram (Moong Dal)","","","sugars","6.6","","","","missing_usda"
"green-gram-moong","Green Gram (Moong Dal)","","","addedSugars","0","","","","missing_usda"
"green-gram-moong","Green Gram (Moong Dal)","","","vitaminD","0","","","","missing_usda"
"avocado","Avocado","","","calories","160","","","","missing_usda"
"avocado","Avocado","","","saturatedFat","2.1","","","","missing_usda"
"avocado","Avocado","","","transFat","0","","","","missing_usda"
"avocado","Avocado","","","cholesterol","0","","","","missing_usda"
"avocado","Avocado","","","sodium","7","0","mg","-100","large_delta"
"avocado","Avocado","","","fiber","7","","","","missing_usda"
"avocado","Avocado","","","sugars","0.7","","","","missing_usda"
"avocado","Avocado","","","addedSugars","0","","","","missing_usda"
"avocado","Avocado","","","vitaminD","0","","","","missing_usda"
"strawberries","Strawberries","","","calories","32","","","","missing_usda"
"strawberries","Strawberries","","","saturatedFat","0","","","","missing_usda"
"strawberries","Strawberries","","","transFat","0","","","","missing_usda"
"strawberries","Strawberries","","","cholesterol","0","","","","missing_usda"
"strawberries","Strawberries","","","sodium","1","0","mg","-100","large_delta"
"strawberries","Strawberries","","","fiber","2","","","","missing_usda"
"strawberries","Strawberries","","","addedSugars","0","","","","missing_usda"
"strawberries","Strawberries","","","vitaminD","0","","","","missing_usda"
"blueberries","Blueberries","","","calories","57","","","","missing_usda"
"blueberries","Blueberries","","","saturatedFat","0.1","","","","missing_usda"
"blueberries","Blueberries","","","transFat","0","","","","missing_usda"
"blueberries","Blueberries","","","cholesterol","0","","","","missing_usda"
"blueberries","Blueberries","","","sodium","1","0","mg","-100","large_delta"
"blueberries","Blueberries","","","fiber","2.4","","","","missing_usda"
"blueberries","Blueberries","","","addedSugars","0","","","","missing_usda"
"blueberries","Blueberries","","","vitaminD","0","","","","missing_usda"
"blueberries","Blueberries","","","calcium","6","11.69","mg","94.83333333333333","large_delta"
"cranberries-dried","Dried Cranberries (Unsweetened)","","","calories","308","","","","missing_usda"
"cranberries-dried","Dried Cranberries (Unsweetened)","","","totalFat","1.4","","","","missing_usda"
"cranberries-dried","Dried Cranberries (Unsweetened)","","","saturatedFat","0.1","","","","missing_usda"
"cranberries-dried","Dried Cranberries (Unsweetened)","","","transFat","0","","","","missing_usda"
"cranberries-dried","Dried Cranberries (Unsweetened)","","","cholesterol","0","","","","missing_usda"
"cranberries-dried","Dried Cranberries (Unsweetened)","","","totalCarbs","83","","","","missing_usda"
"cranberries-dried","Dried Cranberries (Unsweetened)","","","addedSugars","0","","","","missing_usda"
"cranberries-dried","Dried Cranberries (Unsweetened)","","","protein","0.1","","","","missing_usda"
"cranberries-dried","Dried Cranberries (Unsweetened)","","","vitaminD","0","","","","missing_usda"
"cranberries-dried-sweetened","Dried Cranberries (Sweetened)","","","calories","308","","","","missing_usda"
"cranberries-dried-sweetened","Dried Cranberries (Sweetened)","","","totalFat","1.4","","","","missing_usda"
"cranberries-dried-sweetened","Dried Cranberries (Sweetened)","","","saturatedFat","0.1","","","","missing_usda"
"cranberries-dried-sweetened","Dried Cranberries (Sweetened)","","","transFat","0","","","","missing_usda"
"cranberries-dried-sweetened","Dried Cranberries (Sweetened)","","","cholesterol","0","","","","missing_usda"
"cranberries-dried-sweetened","Dried Cranberries (Sweetened)","","","totalCarbs","83","","","","missing_usda"
"cranberries-dried-sweetened","Dried Cranberries (Sweetened)","","","addedSugars","26","","","","missing_usda"
"cranberries-dried-sweetened","Dried Cranberries (Sweetened)","","","protein","0.1","","","","missing_usda"
"cranberries-dried-sweetened","Dried Cranberries (Sweetened)","","","vitaminD","0","","","","missing_usda"
"blueberries-dried","Dried Blueberries (Unsweetened)","","","calories","317","","","","missing_usda"
"blueberries-dried","Dried Blueberries (Unsweetened)","","","totalFat","2.7","0.3063","g","-88.65555555555554","large_delta"
"blueberries-dried","Dried Blueberries (Unsweetened)","","","saturatedFat","0.2","","","","missing_usda"
"blueberries-dried","Dried Blueberries (Unsweetened)","","","transFat","0","","","","missing_usda"
"blueberries-dried","Dried Blueberries (Unsweetened)","","","cholesterol","0","","","","missing_usda"
"blueberries-dried","Dried Blueberries (Unsweetened)","","","sodium","3","0","mg","-100","large_delta"
"blueberries-dried","Dried Blueberries (Unsweetened)","","","totalCarbs","80","14.571775","g","-81.78528125","large_delta"
"blueberries-dried","Dried Blueberries (Unsweetened)","","","fiber","5.5","","","","missing_usda"
"blueberries-dried","Dried Blueberries (Unsweetened)","","","sugars","65","9.356","g","-85.60615384615384","large_delta"
"blueberries-dried","Dried Blueberries (Unsweetened)","","","addedSugars","0","","","","missing_usda"
"blueberries-dried","Dried Blueberries (Unsweetened)","","","vitaminD","0","","","","missing_usda"
"blueberries-dried-sweetened","Dried Blueberries (Sweetened)","","","calories","317","","","","missing_usda"
"blueberries-dried-sweetened","Dried Blueberries (Sweetened)","","","totalFat","2.7","0.3063","g","-88.65555555555554","large_delta"
"blueberries-dried-sweetened","Dried Blueberries (Sweetened)","","","saturatedFat","0.2","","","","missing_usda"
"blueberries-dried-sweetened","Dried Blueberries (Sweetened)","","","transFat","0","","","","missing_usda"
"blueberries-dried-sweetened","Dried Blueberries (Sweetened)","","","cholesterol","0","","","","missing_usda"
"blueberries-dried-sweetened","Dried Blueberries (Sweetened)","","","sodium","3","0","mg","-100","large_delta"
"blueberries-dried-sweetened","Dried Blueberries (Sweetened)","","","totalCarbs","80","14.571775","g","-81.78528125","large_delta"
"blueberries-dried-sweetened","Dried Blueberries (Sweetened)","","","fiber","5.5","","","","missing_usda"
"blueberries-dried-sweetened","Dried Blueberries (Sweetened)","","","sugars","65","9.356","g","-85.60615384615384","large_delta"
"blueberries-dried-sweetened","Dried Blueberries (Sweetened)","","","addedSugars","25","","","","missing_usda"
"blueberries-dried-sweetened","Dried Blueberries (Sweetened)","","","vitaminD","0","","","","missing_usda"
"black-raisins","Black Raisins (Kala Manuka)","","","calories","299","","","","missing_usda"
"black-raisins","Black Raisins (Kala Manuka)","","","totalFat","0.5","","","","missing_usda"
"black-raisins","Black Raisins (Kala Manuka)","","","saturatedFat","0.1","","","","missing_usda"
"black-raisins","Black Raisins (Kala Manuka)","","","transFat","0","","","","missing_usda"
"black-raisins","Black Raisins (Kala Manuka)","","","cholesterol","0","","","","missing_usda"
"black-raisins","Black Raisins (Kala Manuka)","","","totalCarbs","79","","","","missing_usda"
"black-raisins","Black Raisins (Kala Manuka)","","","addedSugars","0","","","","missing_usda"
"black-raisins","Black Raisins (Kala Manuka)","","","protein","3.1","","","","missing_usda"
"black-raisins","Black Raisins (Kala Manuka)","","","vitaminD","0","","","","missing_usda"
"turmeric-powder","Turmeric Powder (Haldi)","","","sugars","3.2","","","","missing_usda"
"turmeric-powder","Turmeric Powder (Haldi)","","","addedSugars","0","","","","missing_usda"
"cinnamon-powder","Cinnamon Powder (Dalchini)","","","totalFat","1.2","5.29","g","340.8333333333333","large_delta"
"cinnamon-powder","Cinnamon Powder (Dalchini)","","","saturatedFat","0.3","0","g","-100","large_delta"
"cinnamon-powder","Cinnamon Powder (Dalchini)","","","sodium","10","388","mg","3779.9999999999995","large_delta"
"cinnamon-powder","Cinnamon Powder (Dalchini)","","","fiber","53","3.5","g","-93.39622641509435","large_delta"
"cinnamon-powder","Cinnamon Powder (Dalchini)","","","sugars","2.2","","","","missing_usda"
"cinnamon-powder","Cinnamon Powder (Dalchini)","","","addedSugars","0","","","","missing_usda"
"cinnamon-powder","Cinnamon Powder (Dalchini)","","","protein","4","7.05","g","76.25","large_delta"
"cinnamon-powder","Cinnamon Powder (Dalchini)","","","calcium","1002","71","mg","-92.91417165668663","large_delta"
"cinnamon-powder","Cinnamon Powder (Dalchini)","","","potassium","431","74","mg","-82.830626450116","large_delta"
"cardamom-powder","Cardamom Powder (Elaichi)","","","sugars","0","","","","missing_usda"
"cardamom-powder","Cardamom Powder (Elaichi)","","","addedSugars","0","","","","missing_usda"
"ginger-powder","Dried Ginger Powder (Sonth)","","","calories","335","80","kcal","-76.11940298507463","large_delta"
"ginger-powder","Dried Ginger Powder (Sonth)","","","totalFat","4.2","0.75","g","-82.14285714285714","large_delta"
"ginger-powder","Dried Ginger Powder (Sonth)","","","saturatedFat","1.3","0.203","g","-84.38461538461539","large_delta"
"ginger-powder","Dried Ginger Powder (Sonth)","","","totalCarbs","71","17.77","g","-74.9718309859155","large_delta"
"ginger-powder","Dried Ginger Powder (Sonth)","","","fiber","14","2","g","-85.71428571428571","large_delta"
"ginger-powder","Dried Ginger Powder (Sonth)","","","sugars","3.4","","","","missing_usda"
"ginger-powder","Dried Ginger Powder (Sonth)","","","addedSugars","0","","","","missing_usda"
"ginger-powder","Dried Ginger Powder (Sonth)","","","protein","9","1.82","g","-79.77777777777777","large_delta"
"ginger-powder","Dried Ginger Powder (Sonth)","","","calcium","114","16","mg","-85.96491228070175","large_delta"
"ginger-powder","Dried Ginger Powder (Sonth)","","","iron","19.8","0.6","mg","-96.96969696969695","large_delta"
"garlic","Fresh Garlic (Lehsun)","","","saturatedFat","0.1","","","","missing_usda"
"garlic","Fresh Garlic (Lehsun)","","","transFat","0","","","","missing_usda"
"garlic","Fresh Garlic (Lehsun)","","","cholesterol","0","","","","missing_usda"
"garlic","Fresh Garlic (Lehsun)","","","sodium","17","","","","missing_usda"
"garlic","Fresh Garlic (Lehsun)","","","sugars","1","","","","missing_usda"
"garlic","Fresh Garlic (Lehsun)","","","addedSugars","0","","","","missing_usda"
"garlic","Fresh Garlic (Lehsun)","","","vitaminD","0","","","","missing_usda"
"garlic","Fresh Garlic (Lehsun)","","","calcium","181","","","","missing_usda"
"garlic","Fresh Garlic (Lehsun)","","","iron","1.7","","","","missing_usda"
"garlic","Fresh Garlic (Lehsun)","","","potassium","401","","","","missing_usda"
"green-chillies","Green Chillies (Hari Mirch)","","","calories","40","","","","missing_usda"
"green-chillies","Green Chillies (Hari Mirch)","","","saturatedFat","0.1","","","","missing_usda"
"green-chillies","Green Chillies (Hari Mirch)","","","transFat","0","","","","missing_usda"
"green-chillies","Green Chillies (Hari Mirch)","","","cholesterol","0","","","","missing_usda"
"green-chillies","Green Chillies (Hari Mirch)","","","sodium","9","2.46","mg","-72.66666666666667","large_delta"
"green-chillies","Green Chillies (Hari Mirch)","","","sugars","5.3","","","","missing_usda"
"green-chillies","Green Chillies (Hari Mirch)","","","addedSugars","0","","","","missing_usda"
"green-chillies","Green Chillies (Hari Mirch)","","","vitaminD","0","","","","missing_usda"
"onion","Yellow Onion (Pyaz)","","","saturatedFat","0","","","","missing_usda"
"onion","Yellow Onion (Pyaz)","","","transFat","0","","","","missing_usda"
"onion","Yellow Onion (Pyaz)","","","cholesterol","0","","","","missing_usda"
"onion","Yellow Onion (Pyaz)","","","sodium","4","1","mg","-75","large_delta"
"onion","Yellow Onion (Pyaz)","","","addedSugars","0","","","","missing_usda"
"onion","Yellow Onion (Pyaz)","","","vitaminD","0","","","","missing_usda"
"tomato","Fresh Tomatoes","","","sodium","5","115","mg","2200","large_delta"
"tomato","Fresh Tomatoes","","","sugars","2.6","","","","missing_usda"
"tomato","Fresh Tomatoes","","","addedSugars","0","","","","missing_usda"
"tomato","Fresh Tomatoes","","","calcium","10","33","mg","229.99999999999997","large_delta"
"tomato","Fresh Tomatoes","","","iron","0.3","0.57","mg","89.99999999999999","large_delta"
"curry-leaves","Fresh Curry Leaves (Kadi Patta)","","","calories","108","325","kcal","200.9259259259259","large_delta"
"curry-leaves","Fresh Curry Leaves (Kadi Patta)","","","totalFat","1","14.01","g","1301","large_delta"
"curry-leaves","Fresh Curry Leaves (Kadi Patta)","","","saturatedFat","0.1","1.648","g","1547.9999999999998","large_delta"
"curry-leaves","Fresh Curry Leaves (Kadi Patta)","","","sodium","4","52","mg","1200","large_delta"
"curry-leaves","Fresh Curry Leaves (Kadi Patta)","","","totalCarbs","18.7","55.83","g","198.5561497326203","large_delta"
"curry-leaves","Fresh Curry Leaves (Kadi Patta)","","","fiber","6.4","53.2","g","731.25","large_delta"
"curry-leaves","Fresh Curry Leaves (Kadi Patta)","","","sugars","0","","","","missing_usda"
"curry-leaves","Fresh Curry Leaves (Kadi Patta)","","","addedSugars","0","","","","missing_usda"
"curry-leaves","Fresh Curry Leaves (Kadi Patta)","","","protein","6.1","14.29","g","134.2622950819672","large_delta"
"curry-leaves","Fresh Curry Leaves (Kadi Patta)","","","iron","3.1","19.1","mg","516.1290322580645","large_delta"
"curry-leaves","Fresh Curry Leaves (Kadi Patta)","","","potassium","290","1170","mg","303.44827586206895","large_delta"
"fine-sev","Fine Sev (Namkeen)","","","calories","463","","","","missing_usda"
"fine-sev","Fine Sev (Namkeen)","","","totalFat","26","1.838","g","-92.93076923076923","large_delta"
"fine-sev","Fine Sev (Namkeen)","","","saturatedFat","9","","","","missing_usda"
"fine-sev","Fine Sev (Namkeen)","","","transFat","0","","","","missing_usda"
"fine-sev","Fine Sev (Namkeen)","","","cholesterol","0","","","","missing_usda"
"fine-sev","Fine Sev (Namkeen)","","","sodium","1350","0.4263","mg","-99.96842222222222","large_delta|sodium_shift"
"fine-sev","Fine Sev (Namkeen)","","","sugars","3","","","","missing_usda"
"fine-sev","Fine Sev (Namkeen)","","","addedSugars","1","","","","missing_usda"
"fine-sev","Fine Sev (Namkeen)","","","vitaminD","0","","","","missing_usda"
"garden-sev","Garden Sev (Commercial)","","","calories","463","32","kcal","-93.08855291576674","large_delta|calorie_drop"
"garden-sev","Garden Sev (Commercial)","","","totalFat","26","0.7","g","-97.3076923076923","large_delta"
"garden-sev","Garden Sev (Commercial)","","","saturatedFat","9","0.023","g","-99.74444444444444","large_delta"
"garden-sev","Garden Sev (Commercial)","","","sodium","1350","14","mg","-98.96296296296296","large_delta|sodium_shift"
"garden-sev","Garden Sev (Commercial)","","","totalCarbs","50","5.5","g","-89","large_delta"
"garden-sev","Garden Sev (Commercial)","","","fiber","6","1.1","g","-81.66666666666667","large_delta"
"garden-sev","Garden Sev (Commercial)","","","sugars","3","","","","missing_usda"
"garden-sev","Garden Sev (Commercial)","","","addedSugars","1","","","","missing_usda"
"garden-sev","Garden Sev (Commercial)","","","protein","14","2.6","g","-81.42857142857143","large_delta"
"garden-sev","Garden Sev (Commercial)","","","calcium","38","81","mg","113.1578947368421","large_delta"
"garden-sev","Garden Sev (Commercial)","","","potassium","290","606","mg","108.9655172413793","large_delta"
"whole-wheat-flour","Whole Wheat Flour","","","saturatedFat","0.4","","","","missing_usda"
"whole-wheat-flour","Whole Wheat Flour","","","transFat","0","","","","missing_usda"
"whole-wheat-flour","Whole Wheat Flour","","","cholesterol","0","","","","missing_usda"
"whole-wheat-flour","Whole Wheat Flour","","","sugars","0.4","","","","missing_usda"
"whole-wheat-flour","Whole Wheat Flour","","","addedSugars","0","","","","missing_usda"
"whole-wheat-flour","Whole Wheat Flour","","","vitaminD","0","","","","missing_usda"
"all-purpose-flour","All-Purpose Flour (Maida)","","","saturatedFat","0.2","","","","missing_usda"
"all-purpose-flour","All-Purpose Flour (Maida)","","","transFat","0","","","","missing_usda"
"all-purpose-flour","All-Purpose Flour (Maida)","","","cholesterol","0","","","","missing_usda"
"all-purpose-flour","All-Purpose Flour (Maida)","","","fiber","2.7","","","","missing_usda"
"all-purpose-flour","All-Purpose Flour (Maida)","","","sugars","0.3","","","","missing_usda"
"all-purpose-flour","All-Purpose Flour (Maida)","","","addedSugars","0","","","","missing_usda"
"all-purpose-flour","All-Purpose Flour (Maida)","","","vitaminD","0","","","","missing_usda"
"almond-flour","Almond Flour","","","calories","579","","","","missing_usda"
"almond-flour","Almond Flour","","","saturatedFat","3.8","","","","missing_usda"
"almond-flour","Almond Flour","","","transFat","0","","","","missing_usda"
"almond-flour","Almond Flour","","","cholesterol","0","","","","missing_usda"
"almond-flour","Almond Flour","","","sugars","4.4","","","","missing_usda"
"almond-flour","Almond Flour","","","addedSugars","0","","","","missing_usda"
"almond-flour","Almond Flour","","","vitaminD","0","","","","missing_usda"
"coconut-flour","Coconut Flour","","","calories","400","","","","missing_usda"
"coconut-flour","Coconut Flour","","","transFat","0","","","","missing_usda"
"coconut-flour","Coconut Flour","","","cholesterol","0","","","","missing_usda"
"coconut-flour","Coconut Flour","","","sugars","20","","","","missing_usda"
"coconut-flour","Coconut Flour","","","addedSugars","0","","","","missing_usda"
"coconut-flour","Coconut Flour","","","vitaminD","0","","","","missing_usda"
"coconut-flour","Coconut Flour","","","iron","3.9","8.018","mg","105.5897435897436","large_delta"
"coconut-flour","Coconut Flour","","","potassium","1000","2088","mg","108.80000000000001","large_delta"
"besan-chickpea-flour","Besan (Chickpea Flour)","","","sugars","11","","","","missing_usda"
"besan-chickpea-flour","Besan (Chickpea Flour)","","","addedSugars","0","","","","missing_usda"
"peanut-butter","Peanut Butter (Natural)","","","calories","588","","","","missing_usda"
"peanut-butter","Peanut Butter (Natural)","","","transFat","0","","","","missing_usda"
"peanut-butter","Peanut Butter (Natural)","","","cholesterol","0","","","","missing_usda"
"peanut-butter","Peanut Butter (Natural)","","","sodium","17","220.7","mg","1198.235294117647","large_delta"
"peanut-butter","Peanut Butter (Natural)","","","sugars","2.4","","","","missing_usda"
"peanut-butter","Peanut Butter (Natural)","","","addedSugars","0","","","","missing_usda"
"peanut-butter","Peanut Butter (Natural)","","","vitaminD","0","","","","missing_usda"
"almond-butter","Almond Butter","","","calories","614","","","","missing_usda"
"almond-butter","Almond Butter","","","transFat","0","","","","missing_usda"
"almond-butter","Almond Butter","","","cholesterol","0","","","","missing_usda"
"almond-butter","Almond Butter","","","sodium","7","0.9963","mg","-85.76714285714286","large_delta"
"almond-butter","Almond Butter","","","sugars","4.4","","","","missing_usda"
"almond-butter","Almond Butter","","","addedSugars","0","","","","missing_usda"
"almond-butter","Almond Butter","","","vitaminD","0","","","","missing_usda"
"rice-crisps","Rice Crisps (Puffed Rice)","","","totalFat","1","3.85","g","285","large_delta"
"rice-crisps","Rice Crisps (Puffed Rice)","","","saturatedFat","0.2","","","","missing_usda"
"rice-crisps","Rice Crisps (Puffed Rice)","","","transFat","0","","","","missing_usda"
"rice-crisps","Rice Crisps (Puffed Rice)","","","cholesterol","0","","","","missing_usda"
"rice-crisps","Rice Crisps (Puffed Rice)","","","fiber","2","","","","missing_usda"
"rice-crisps","Rice Crisps (Puffed Rice)","","","sugars","0.3","","","","missing_usda"
"rice-crisps","Rice Crisps (Puffed Rice)","","","addedSugars","0","","","","missing_usda"
"rice-crisps","Rice Crisps (Puffed Rice)","","","vitaminD","0","","","","missing_usda"
"rice-crisps","Rice Crisps (Puffed Rice)","","","iron","0.8","1.5","mg","87.49999999999999","large_delta"
"rice-crisps","Rice Crisps (Puffed Rice)","","","potassium","95","265","mg","178.94736842105263","large_delta"
"dried-blueberry","Dried Blueberries (Unsweetened)","","","calories","317","","","","missing_usda"
"dried-blueberry","Dried Blueberries (Unsweetened)","","","totalFat","2.7","0.3063","g","-88.65555555555554","large_delta"
"dried-blueberry","Dried Blueberries (Unsweetened)","","","saturatedFat","0.2","","","","missing_usda"
"dried-blueberry","Dried Blueberries (Unsweetened)","","","transFat","0","","","","missing_usda"
"dried-blueberry","Dried Blueberries (Unsweetened)","","","cholesterol","0","","","","missing_usda"
"dried-blueberry","Dried Blueberries (Unsweetened)","","","sodium","3","0","mg","-100","large_delta"
"dried-blueberry","Dried Blueberries (Unsweetened)","","","totalCarbs","80","14.571775","g","-81.78528125","large_delta"
"dried-blueberry","Dried Blueberries (Unsweetened)","","","fiber","5.5","","","","missing_usda"
"dried-blueberry","Dried Blueberries (Unsweetened)","","","sugars","65","9.356","g","-85.60615384615384","large_delta"
"dried-blueberry","Dried Blueberries (Unsweetened)","","","addedSugars","0","","","","missing_usda"
"dried-blueberry","Dried Blueberries (Unsweetened)","","","vitaminD","0","","","","missing_usda"
"dried-blueberry-sweetened","Dried Blueberries (Sweetened)","","","calories","317","","","","missing_usda"
"dried-blueberry-sweetened","Dried Blueberries (Sweetened)","","","totalFat","2.7","0.3063","g","-88.65555555555554","large_delta"
"dried-blueberry-sweetened","Dried Blueberries (Sweetened)","","","saturatedFat","0.2","","","","missing_usda"
"dried-blueberry-sweetened","Dried Blueberries (Sweetened)","","","transFat","0","","","","missing_usda"
"dried-blueberry-sweetened","Dried Blueberries (Sweetened)","","","cholesterol","0","","","","missing_usda"
"dried-blueberry-sweetened","Dried Blueberries (Sweetened)","","","sodium","3","0","mg","-100","large_delta"
"dried-blueberry-sweetened","Dried Blueberries (Sweetened)","","","totalCarbs","80","14.571775","g","-81.78528125","large_delta"
"dried-blueberry-sweetened","Dried Blueberries (Sweetened)","","","fiber","5.5","","","","missing_usda"
"dried-blueberry-sweetened","Dried Blueberries (Sweetened)","","","sugars","65","9.356","g","-85.60615384615384","large_delta"
"dried-blueberry-sweetened","Dried Blueberries (Sweetened)","","","addedSugars","25","","","","missing_usda"
"dried-blueberry-sweetened","Dried Blueberries (Sweetened)","","","vitaminD","0","","","","missing_usda"
"orange-juice","Orange Juice (Fresh)","","","calories","45","","","","missing_usda"
"orange-juice","Orange Juice (Fresh)","","","saturatedFat","0","","","","missing_usda"
"orange-juice","Orange Juice (Fresh)","","","transFat","0","","","","missing_usda"
"orange-juice","Orange Juice (Fresh)","","","cholesterol","0","","","","missing_usda"
"orange-juice","Orange Juice (Fresh)","","","sodium","1","5.231","mg","423.09999999999997","large_delta"
"orange-juice","Orange Juice (Fresh)","","","fiber","0.2","","","","missing_usda"
"orange-juice","Orange Juice (Fresh)","","","addedSugars","0","","","","missing_usda"
"orange-juice","Orange Juice (Fresh)","","","vitaminD","0","","","","missing_usda"
"instant-coffee","Instant Coffee (Powder)","","","calories","94","3","kcal","-96.80851063829788","large_delta"
"instant-coffee","Instant Coffee (Powder)","","","totalFat","0.5","0","g","-100","large_delta"
"instant-coffee","Instant Coffee (Powder)","","","saturatedFat","0.2","0.001","g","-99.5","large_delta"
"instant-coffee","Instant Coffee (Powder)","","","sodium","76","7","mg","-90.78947368421053","large_delta"
"instant-coffee","Instant Coffee (Powder)","","","totalCarbs","17","0.75","g","-95.58823529411765","large_delta"
"instant-coffee","Instant Coffee (Powder)","","","sugars","0","","","","missing_usda"
"instant-coffee","Instant Coffee (Powder)","","","addedSugars","0","","","","missing_usda"
"instant-coffee","Instant Coffee (Powder)","","","protein","12","0.09","g","-99.25","large_delta"
"instant-coffee","Instant Coffee (Powder)","","","vitaminD","0","","","","missing_usda"
"instant-coffee","Instant Coffee (Powder)","","","calcium","141","4","mg","-97.16312056737588","large_delta"
"instant-coffee","Instant Coffee (Powder)","","","iron","4.4","0.05","mg","-98.86363636363636","large_delta"
"instant-coffee","Instant Coffee (Powder)","","","potassium","3535","35","mg","-99.00990099009901","large_delta"
"salt","Salt","","","calories","0","","","","missing_usda"
"salt","Salt","","","totalFat","0","","","","missing_usda"
"salt","Salt","","","saturatedFat","0","","","","missing_usda"
"salt","Salt","","","transFat","0","","","","missing_usda"
"salt","Salt","","","cholesterol","0","","","","missing_usda"
"salt","Salt","","","totalCarbs","0","","","","missing_usda"
"salt","Salt","","","fiber","0","","","","missing_usda"
"salt","Salt","","","sugars","0","","","","missing_usda"
"salt","Salt","","","addedSugars","0","","","","missing_usda"
"salt","Salt","","","protein","0","","","","missing_usda"
"salt","Salt","","","vitaminD","0","","","","missing_usda"
"salt","Salt","","","calcium","24","50","mg","108.33333333333333","large_delta"
"salt","Salt","","","iron","0.3","0","mg","-100","large_delta"
"salt","Salt","","","potassium","8","2","mg","-75","large_delta"
"baking-soda","Baking Soda","","","transFat","0","","","","missing_usda"
"baking-soda","Baking Soda","","","sugars","0","","","","missing_usda"
"baking-soda","Baking Soda","","","addedSugars","0","","","","missing_usda"
"lemon-juice","Lemon Juice","","","sugars","1.5","","","","missing_usda"
"lemon-juice","Lemon Juice","","","addedSugars","0","","","","missing_usda"